-- phpMyAdmin SQL Dump
-- version 4.2.11
-- http://www.phpmyadmin.net
--
-- Host: 127.0.0.1
-- Generation Time: Apr 08, 2017 at 07:27 AM
-- Server version: 5.6.21
-- PHP Version: 5.5.19

SET SQL_MODE = "NO_AUTO_VALUE_ON_ZERO";
SET time_zone = "+00:00";


/*!40101 SET @OLD_CHARACTER_SET_CLIENT=@@CHARACTER_SET_CLIENT */;
/*!40101 SET @OLD_CHARACTER_SET_RESULTS=@@CHARACTER_SET_RESULTS */;
/*!40101 SET @OLD_COLLATION_CONNECTION=@@COLLATION_CONNECTION */;
/*!40101 SET NAMES utf8 */;

--
-- Database: `rota`
--

-- --------------------------------------------------------

--
-- Table structure for table `admins`
--

CREATE TABLE IF NOT EXISTS `admins` (
`id` int(11) NOT NULL,
  `email` varchar(255) DEFAULT NULL,
  `password` varchar(100) DEFAULT NULL,
  `status` tinyint(1) DEFAULT NULL COMMENT '0:not verified ; 1:active ; 2:inactive ; 4: deleted',
  `created_at` datetime DEFAULT NULL,
  `updated_at` datetime DEFAULT NULL
) ENGINE=InnoDB AUTO_INCREMENT=2 DEFAULT CHARSET=latin1;

--
-- Dumping data for table `admins`
--

INSERT INTO `admins` (`id`, `email`, `password`, `status`, `created_at`, `updated_at`) VALUES
(1, 'admin@nextolive.com', 'e10adc3949ba59abbe56e057f20f883e', 1, '2016-03-06 00:08:57', '2016-10-05 09:58:47');

-- --------------------------------------------------------

--
-- Table structure for table `companydetails`
--

CREATE TABLE IF NOT EXISTS `companydetails` (
`id` int(11) NOT NULL,
  `user_id` int(11) NOT NULL,
  `company_name` varchar(255) DEFAULT NULL,
  `country_id` int(11) NOT NULL,
  `starting_day` varchar(3) NOT NULL,
  `staff_timesheet` varchar(3) NOT NULL DEFAULT '0' COMMENT '0: Inactive;1:Active;',
  `budget` varchar(3) NOT NULL DEFAULT '0' COMMENT '0:Inactive;1:Active;4:Deleted;',
  `labor_cost` varchar(3) NOT NULL DEFAULT '0' COMMENT '0:Inactive;1:Active;',
  `labor_hours` varchar(3) NOT NULL DEFAULT '0' COMMENT '0:Inactive;1:Active;',
  `labor_adjustment` varchar(3) NOT NULL DEFAULT '0' COMMENT '0:Inactive;1:Active;',
  `sales_per_hour` varchar(3) NOT NULL DEFAULT '0' COMMENT '0:Inactive;1:Active;',
  `notes` varchar(3) NOT NULL DEFAULT '0' COMMENT '0:Inactive;1:Active;4:Deleted;',
  `time_format` int(2) NOT NULL COMMENT 'Time Format 12/24 Hour',
  `status` tinyint(3) DEFAULT '1' COMMENT '1: active, 2:deactive ,3:deleted',
  `created_at` datetime DEFAULT NULL,
  `updated_at` datetime DEFAULT NULL
) ENGINE=InnoDB AUTO_INCREMENT=5 DEFAULT CHARSET=latin1;

--
-- Dumping data for table `companydetails`
--

INSERT INTO `companydetails` (`id`, `user_id`, `company_name`, `country_id`, `starting_day`, `staff_timesheet`, `budget`, `labor_cost`, `labor_hours`, `labor_adjustment`, `sales_per_hour`, `notes`, `time_format`, `status`, `created_at`, `updated_at`) VALUES
(4, 3, 'testing2', 2, '02', '0', '1', '0', '0', '0', '1', '1', 12, 1, '2017-02-28 11:10:25', '2017-04-05 10:06:00');

-- --------------------------------------------------------

--
-- Table structure for table `countries`
--

CREATE TABLE IF NOT EXISTS `countries` (
`country_id` int(11) NOT NULL,
  `country_code` varchar(2) NOT NULL DEFAULT '',
  `country_name` varchar(100) NOT NULL DEFAULT '',
  `add_date` datetime NOT NULL,
  `modify_date` datetime NOT NULL
) ENGINE=MyISAM AUTO_INCREMENT=247 DEFAULT CHARSET=utf8;

--
-- Dumping data for table `countries`
--

INSERT INTO `countries` (`country_id`, `country_code`, `country_name`, `add_date`, `modify_date`) VALUES
(1, 'AF', 'Afghanistan', '0000-00-00 00:00:00', '0000-00-00 00:00:00'),
(2, 'AL', 'Albania', '0000-00-00 00:00:00', '0000-00-00 00:00:00'),
(3, 'DZ', 'Algeria', '0000-00-00 00:00:00', '0000-00-00 00:00:00'),
(4, 'DS', 'American Samoa', '0000-00-00 00:00:00', '0000-00-00 00:00:00'),
(5, 'AD', 'Andorra', '0000-00-00 00:00:00', '0000-00-00 00:00:00'),
(6, 'AO', 'Angola', '0000-00-00 00:00:00', '0000-00-00 00:00:00'),
(7, 'AI', 'Anguilla', '0000-00-00 00:00:00', '0000-00-00 00:00:00'),
(8, 'AQ', 'Antarctica', '0000-00-00 00:00:00', '0000-00-00 00:00:00'),
(9, 'AG', 'Antigua and Barbuda', '0000-00-00 00:00:00', '0000-00-00 00:00:00'),
(10, 'AR', 'Argentina', '0000-00-00 00:00:00', '0000-00-00 00:00:00'),
(11, 'AM', 'Armenia', '0000-00-00 00:00:00', '0000-00-00 00:00:00'),
(12, 'AW', 'Aruba', '0000-00-00 00:00:00', '0000-00-00 00:00:00'),
(13, 'AU', 'Australia', '0000-00-00 00:00:00', '0000-00-00 00:00:00'),
(14, 'AT', 'Austria', '0000-00-00 00:00:00', '0000-00-00 00:00:00'),
(15, 'AZ', 'Azerbaijan', '0000-00-00 00:00:00', '0000-00-00 00:00:00'),
(16, 'BS', 'Bahamas', '0000-00-00 00:00:00', '0000-00-00 00:00:00'),
(17, 'BH', 'Bahrain', '0000-00-00 00:00:00', '0000-00-00 00:00:00'),
(18, 'BD', 'Bangladesh', '0000-00-00 00:00:00', '0000-00-00 00:00:00'),
(19, 'BB', 'Barbados', '0000-00-00 00:00:00', '0000-00-00 00:00:00'),
(20, 'BY', 'Belarus', '0000-00-00 00:00:00', '0000-00-00 00:00:00'),
(21, 'BE', 'Belgium', '0000-00-00 00:00:00', '0000-00-00 00:00:00'),
(22, 'BZ', 'Belize', '0000-00-00 00:00:00', '0000-00-00 00:00:00'),
(23, 'BJ', 'Benin', '0000-00-00 00:00:00', '0000-00-00 00:00:00'),
(24, 'BM', 'Bermuda', '0000-00-00 00:00:00', '0000-00-00 00:00:00'),
(25, 'BT', 'Bhutan', '0000-00-00 00:00:00', '0000-00-00 00:00:00'),
(26, 'BO', 'Bolivia', '0000-00-00 00:00:00', '0000-00-00 00:00:00'),
(27, 'BA', 'Bosnia and Herzegovina', '0000-00-00 00:00:00', '0000-00-00 00:00:00'),
(28, 'BW', 'Botswana', '0000-00-00 00:00:00', '0000-00-00 00:00:00'),
(29, 'BV', 'Bouvet Island', '0000-00-00 00:00:00', '0000-00-00 00:00:00'),
(30, 'BR', 'Brazil', '0000-00-00 00:00:00', '0000-00-00 00:00:00'),
(31, 'IO', 'British Indian Ocean Territory', '0000-00-00 00:00:00', '0000-00-00 00:00:00'),
(32, 'BN', 'Brunei Darussalam', '0000-00-00 00:00:00', '0000-00-00 00:00:00'),
(33, 'BG', 'Bulgaria', '0000-00-00 00:00:00', '0000-00-00 00:00:00'),
(34, 'BF', 'Burkina Faso', '0000-00-00 00:00:00', '0000-00-00 00:00:00'),
(35, 'BI', 'Burundi', '0000-00-00 00:00:00', '0000-00-00 00:00:00'),
(36, 'KH', 'Cambodia', '0000-00-00 00:00:00', '0000-00-00 00:00:00'),
(37, 'CM', 'Cameroon', '0000-00-00 00:00:00', '0000-00-00 00:00:00'),
(38, 'CA', 'Canada', '0000-00-00 00:00:00', '0000-00-00 00:00:00'),
(39, 'CV', 'Cape Verde', '0000-00-00 00:00:00', '0000-00-00 00:00:00'),
(40, 'KY', 'Cayman Islands', '0000-00-00 00:00:00', '0000-00-00 00:00:00'),
(41, 'CF', 'Central African Republic', '0000-00-00 00:00:00', '0000-00-00 00:00:00'),
(42, 'TD', 'Chad', '0000-00-00 00:00:00', '0000-00-00 00:00:00'),
(43, 'CL', 'Chile', '0000-00-00 00:00:00', '0000-00-00 00:00:00'),
(44, 'CN', 'China', '0000-00-00 00:00:00', '0000-00-00 00:00:00'),
(45, 'CX', 'Christmas Island', '0000-00-00 00:00:00', '0000-00-00 00:00:00'),
(46, 'CC', 'Cocos (Keeling) Islands', '0000-00-00 00:00:00', '0000-00-00 00:00:00'),
(47, 'CO', 'Colombia', '0000-00-00 00:00:00', '0000-00-00 00:00:00'),
(48, 'KM', 'Comoros', '0000-00-00 00:00:00', '0000-00-00 00:00:00'),
(49, 'CG', 'Congo', '0000-00-00 00:00:00', '0000-00-00 00:00:00'),
(50, 'CK', 'Cook Islands', '0000-00-00 00:00:00', '0000-00-00 00:00:00'),
(51, 'CR', 'Costa Rica', '0000-00-00 00:00:00', '0000-00-00 00:00:00'),
(52, 'HR', 'Croatia (Hrvatska)', '0000-00-00 00:00:00', '0000-00-00 00:00:00'),
(53, 'CU', 'Cuba', '0000-00-00 00:00:00', '0000-00-00 00:00:00'),
(54, 'CY', 'Cyprus', '0000-00-00 00:00:00', '0000-00-00 00:00:00'),
(55, 'CZ', 'Czech Republic', '0000-00-00 00:00:00', '0000-00-00 00:00:00'),
(56, 'DK', 'Denmark', '0000-00-00 00:00:00', '0000-00-00 00:00:00'),
(57, 'DJ', 'Djibouti', '0000-00-00 00:00:00', '0000-00-00 00:00:00'),
(58, 'DM', 'Dominica', '0000-00-00 00:00:00', '0000-00-00 00:00:00'),
(59, 'DO', 'Dominican Republic', '0000-00-00 00:00:00', '0000-00-00 00:00:00'),
(60, 'TP', 'East Timor', '0000-00-00 00:00:00', '0000-00-00 00:00:00'),
(61, 'EC', 'Ecuador', '0000-00-00 00:00:00', '0000-00-00 00:00:00'),
(62, 'EG', 'Egypt', '0000-00-00 00:00:00', '0000-00-00 00:00:00'),
(63, 'SV', 'El Salvador', '0000-00-00 00:00:00', '0000-00-00 00:00:00'),
(64, 'GQ', 'Equatorial Guinea', '0000-00-00 00:00:00', '0000-00-00 00:00:00'),
(65, 'ER', 'Eritrea', '0000-00-00 00:00:00', '0000-00-00 00:00:00'),
(66, 'EE', 'Estonia', '0000-00-00 00:00:00', '0000-00-00 00:00:00'),
(67, 'ET', 'Ethiopia', '0000-00-00 00:00:00', '0000-00-00 00:00:00'),
(68, 'FK', 'Falkland Islands (Malvinas)', '0000-00-00 00:00:00', '0000-00-00 00:00:00'),
(69, 'FO', 'Faroe Islands', '0000-00-00 00:00:00', '0000-00-00 00:00:00'),
(70, 'FJ', 'Fiji', '0000-00-00 00:00:00', '0000-00-00 00:00:00'),
(71, 'FI', 'Finland', '0000-00-00 00:00:00', '0000-00-00 00:00:00'),
(72, 'FR', 'France', '0000-00-00 00:00:00', '0000-00-00 00:00:00'),
(73, 'FX', 'France, Metropolitan', '0000-00-00 00:00:00', '0000-00-00 00:00:00'),
(74, 'GF', 'French Guiana', '0000-00-00 00:00:00', '0000-00-00 00:00:00'),
(75, 'PF', 'French Polynesia', '0000-00-00 00:00:00', '0000-00-00 00:00:00'),
(76, 'TF', 'French Southern Territories', '0000-00-00 00:00:00', '0000-00-00 00:00:00'),
(77, 'GA', 'Gabon', '0000-00-00 00:00:00', '0000-00-00 00:00:00'),
(78, 'GM', 'Gambia', '0000-00-00 00:00:00', '0000-00-00 00:00:00'),
(79, 'GE', 'Georgia', '0000-00-00 00:00:00', '0000-00-00 00:00:00'),
(80, 'DE', 'Germany', '0000-00-00 00:00:00', '0000-00-00 00:00:00'),
(81, 'GH', 'Ghana', '0000-00-00 00:00:00', '0000-00-00 00:00:00'),
(82, 'GI', 'Gibraltar', '0000-00-00 00:00:00', '0000-00-00 00:00:00'),
(83, 'GK', 'Guernsey', '0000-00-00 00:00:00', '0000-00-00 00:00:00'),
(84, 'GR', 'Greece', '0000-00-00 00:00:00', '0000-00-00 00:00:00'),
(85, 'GL', 'Greenland', '0000-00-00 00:00:00', '0000-00-00 00:00:00'),
(86, 'GD', 'Grenada', '0000-00-00 00:00:00', '0000-00-00 00:00:00'),
(87, 'GP', 'Guadeloupe', '0000-00-00 00:00:00', '0000-00-00 00:00:00'),
(88, 'GU', 'Guam', '0000-00-00 00:00:00', '0000-00-00 00:00:00'),
(89, 'GT', 'Guatemala', '0000-00-00 00:00:00', '0000-00-00 00:00:00'),
(90, 'GN', 'Guinea', '0000-00-00 00:00:00', '0000-00-00 00:00:00'),
(91, 'GW', 'Guinea-Bissau', '0000-00-00 00:00:00', '0000-00-00 00:00:00'),
(92, 'GY', 'Guyana', '0000-00-00 00:00:00', '0000-00-00 00:00:00'),
(93, 'HT', 'Haiti', '0000-00-00 00:00:00', '0000-00-00 00:00:00'),
(94, 'HM', 'Heard and Mc Donald Islands', '0000-00-00 00:00:00', '0000-00-00 00:00:00'),
(95, 'HN', 'Honduras', '0000-00-00 00:00:00', '0000-00-00 00:00:00'),
(96, 'HK', 'Hong Kong', '0000-00-00 00:00:00', '0000-00-00 00:00:00'),
(97, 'HU', 'Hungary', '0000-00-00 00:00:00', '0000-00-00 00:00:00'),
(98, 'IS', 'Iceland', '0000-00-00 00:00:00', '0000-00-00 00:00:00'),
(99, 'IN', 'India', '0000-00-00 00:00:00', '0000-00-00 00:00:00'),
(100, 'IM', 'Isle of Man', '0000-00-00 00:00:00', '0000-00-00 00:00:00'),
(101, 'ID', 'Indonesia', '0000-00-00 00:00:00', '0000-00-00 00:00:00'),
(102, 'IR', 'Iran (Islamic Republic of)', '0000-00-00 00:00:00', '0000-00-00 00:00:00'),
(103, 'IQ', 'Iraq', '0000-00-00 00:00:00', '0000-00-00 00:00:00'),
(104, 'IE', 'Ireland', '0000-00-00 00:00:00', '0000-00-00 00:00:00'),
(105, 'IL', 'Israel', '0000-00-00 00:00:00', '0000-00-00 00:00:00'),
(106, 'IT', 'Italy', '0000-00-00 00:00:00', '0000-00-00 00:00:00'),
(107, 'CI', 'Ivory Coast', '0000-00-00 00:00:00', '0000-00-00 00:00:00'),
(108, 'JE', 'Jersey', '0000-00-00 00:00:00', '0000-00-00 00:00:00'),
(109, 'JM', 'Jamaica', '0000-00-00 00:00:00', '0000-00-00 00:00:00'),
(110, 'JP', 'Japan', '0000-00-00 00:00:00', '0000-00-00 00:00:00'),
(111, 'JO', 'Jordan', '0000-00-00 00:00:00', '0000-00-00 00:00:00'),
(112, 'KZ', 'Kazakhstan', '0000-00-00 00:00:00', '0000-00-00 00:00:00'),
(113, 'KE', 'Kenya', '0000-00-00 00:00:00', '0000-00-00 00:00:00'),
(114, 'KI', 'Kiribati', '0000-00-00 00:00:00', '0000-00-00 00:00:00'),
(115, 'KP', 'Korea, Democratic People''s Republic of', '0000-00-00 00:00:00', '0000-00-00 00:00:00'),
(116, 'KR', 'Korea, Republic of', '0000-00-00 00:00:00', '0000-00-00 00:00:00'),
(117, 'XK', 'Kosovo', '0000-00-00 00:00:00', '0000-00-00 00:00:00'),
(118, 'KW', 'Kuwait', '0000-00-00 00:00:00', '0000-00-00 00:00:00'),
(119, 'KG', 'Kyrgyzstan', '0000-00-00 00:00:00', '0000-00-00 00:00:00'),
(120, 'LA', 'Lao People''s Democratic Republic', '0000-00-00 00:00:00', '0000-00-00 00:00:00'),
(121, 'LV', 'Latvia', '0000-00-00 00:00:00', '0000-00-00 00:00:00'),
(122, 'LB', 'Lebanon', '0000-00-00 00:00:00', '0000-00-00 00:00:00'),
(123, 'LS', 'Lesotho', '0000-00-00 00:00:00', '0000-00-00 00:00:00'),
(124, 'LR', 'Liberia', '0000-00-00 00:00:00', '0000-00-00 00:00:00'),
(125, 'LY', 'Libyan Arab Jamahiriya', '0000-00-00 00:00:00', '0000-00-00 00:00:00'),
(126, 'LI', 'Liechtenstein', '0000-00-00 00:00:00', '0000-00-00 00:00:00'),
(127, 'LT', 'Lithuania', '0000-00-00 00:00:00', '0000-00-00 00:00:00'),
(128, 'LU', 'Luxembourg', '0000-00-00 00:00:00', '0000-00-00 00:00:00'),
(129, 'MO', 'Macau', '0000-00-00 00:00:00', '0000-00-00 00:00:00'),
(130, 'MK', 'Macedonia', '0000-00-00 00:00:00', '0000-00-00 00:00:00'),
(131, 'MG', 'Madagascar', '0000-00-00 00:00:00', '0000-00-00 00:00:00'),
(132, 'MW', 'Malawi', '0000-00-00 00:00:00', '0000-00-00 00:00:00'),
(133, 'MY', 'Malaysia', '0000-00-00 00:00:00', '0000-00-00 00:00:00'),
(134, 'MV', 'Maldives', '0000-00-00 00:00:00', '0000-00-00 00:00:00'),
(135, 'ML', 'Mali', '0000-00-00 00:00:00', '0000-00-00 00:00:00'),
(136, 'MT', 'Malta', '0000-00-00 00:00:00', '0000-00-00 00:00:00'),
(137, 'MH', 'Marshall Islands', '0000-00-00 00:00:00', '0000-00-00 00:00:00'),
(138, 'MQ', 'Martinique', '0000-00-00 00:00:00', '0000-00-00 00:00:00'),
(139, 'MR', 'Mauritania', '0000-00-00 00:00:00', '0000-00-00 00:00:00'),
(140, 'MU', 'Mauritius', '0000-00-00 00:00:00', '0000-00-00 00:00:00'),
(141, 'TY', 'Mayotte', '0000-00-00 00:00:00', '0000-00-00 00:00:00'),
(142, 'MX', 'Mexico', '0000-00-00 00:00:00', '0000-00-00 00:00:00'),
(143, 'FM', 'Micronesia, Federated States of', '0000-00-00 00:00:00', '0000-00-00 00:00:00'),
(144, 'MD', 'Moldova, Republic of', '0000-00-00 00:00:00', '0000-00-00 00:00:00'),
(145, 'MC', 'Monaco', '0000-00-00 00:00:00', '0000-00-00 00:00:00'),
(146, 'MN', 'Mongolia', '0000-00-00 00:00:00', '0000-00-00 00:00:00'),
(147, 'ME', 'Montenegro', '0000-00-00 00:00:00', '0000-00-00 00:00:00'),
(148, 'MS', 'Montserrat', '0000-00-00 00:00:00', '0000-00-00 00:00:00'),
(149, 'MA', 'Morocco', '0000-00-00 00:00:00', '0000-00-00 00:00:00'),
(150, 'MZ', 'Mozambique', '0000-00-00 00:00:00', '0000-00-00 00:00:00'),
(151, 'MM', 'Myanmar', '0000-00-00 00:00:00', '0000-00-00 00:00:00'),
(152, 'NA', 'Namibia', '0000-00-00 00:00:00', '0000-00-00 00:00:00'),
(153, 'NR', 'Nauru', '0000-00-00 00:00:00', '0000-00-00 00:00:00'),
(154, 'NP', 'Nepal', '0000-00-00 00:00:00', '0000-00-00 00:00:00'),
(155, 'NL', 'Netherlands', '0000-00-00 00:00:00', '0000-00-00 00:00:00'),
(156, 'AN', 'Netherlands Antilles', '0000-00-00 00:00:00', '0000-00-00 00:00:00'),
(157, 'NC', 'New Caledonia', '0000-00-00 00:00:00', '0000-00-00 00:00:00'),
(158, 'NZ', 'New Zealand', '0000-00-00 00:00:00', '0000-00-00 00:00:00'),
(159, 'NI', 'Nicaragua', '0000-00-00 00:00:00', '0000-00-00 00:00:00'),
(160, 'NE', 'Niger', '0000-00-00 00:00:00', '0000-00-00 00:00:00'),
(161, 'NG', 'Nigeria', '0000-00-00 00:00:00', '0000-00-00 00:00:00'),
(162, 'NU', 'Niue', '0000-00-00 00:00:00', '0000-00-00 00:00:00'),
(163, 'NF', 'Norfolk Island', '0000-00-00 00:00:00', '0000-00-00 00:00:00'),
(164, 'MP', 'Northern Mariana Islands', '0000-00-00 00:00:00', '0000-00-00 00:00:00'),
(165, 'NO', 'Norway', '0000-00-00 00:00:00', '0000-00-00 00:00:00'),
(166, 'OM', 'Oman', '0000-00-00 00:00:00', '0000-00-00 00:00:00'),
(167, 'PK', 'Pakistan', '0000-00-00 00:00:00', '0000-00-00 00:00:00'),
(168, 'PW', 'Palau', '0000-00-00 00:00:00', '0000-00-00 00:00:00'),
(169, 'PS', 'Palestine', '0000-00-00 00:00:00', '0000-00-00 00:00:00'),
(170, 'PA', 'Panama', '0000-00-00 00:00:00', '0000-00-00 00:00:00'),
(171, 'PG', 'Papua New Guinea', '0000-00-00 00:00:00', '0000-00-00 00:00:00'),
(172, 'PY', 'Paraguay', '0000-00-00 00:00:00', '0000-00-00 00:00:00'),
(173, 'PE', 'Peru', '0000-00-00 00:00:00', '0000-00-00 00:00:00'),
(174, 'PH', 'Philippines', '0000-00-00 00:00:00', '0000-00-00 00:00:00'),
(175, 'PN', 'Pitcairn', '0000-00-00 00:00:00', '0000-00-00 00:00:00'),
(176, 'PL', 'Poland', '0000-00-00 00:00:00', '0000-00-00 00:00:00'),
(177, 'PT', 'Portugal', '0000-00-00 00:00:00', '0000-00-00 00:00:00'),
(178, 'PR', 'Puerto Rico', '0000-00-00 00:00:00', '0000-00-00 00:00:00'),
(179, 'QA', 'Qatar', '0000-00-00 00:00:00', '0000-00-00 00:00:00'),
(180, 'RE', 'Reunion', '0000-00-00 00:00:00', '0000-00-00 00:00:00'),
(181, 'RO', 'Romania', '0000-00-00 00:00:00', '0000-00-00 00:00:00'),
(182, 'RU', 'Russian Federation', '0000-00-00 00:00:00', '0000-00-00 00:00:00'),
(183, 'RW', 'Rwanda', '0000-00-00 00:00:00', '0000-00-00 00:00:00'),
(184, 'KN', 'Saint Kitts and Nevis', '0000-00-00 00:00:00', '0000-00-00 00:00:00'),
(185, 'LC', 'Saint Lucia', '0000-00-00 00:00:00', '0000-00-00 00:00:00'),
(186, 'VC', 'Saint Vincent and the Grenadines', '0000-00-00 00:00:00', '0000-00-00 00:00:00'),
(187, 'WS', 'Samoa', '0000-00-00 00:00:00', '0000-00-00 00:00:00'),
(188, 'SM', 'San Marino', '0000-00-00 00:00:00', '0000-00-00 00:00:00'),
(189, 'ST', 'Sao Tome and Principe', '0000-00-00 00:00:00', '0000-00-00 00:00:00'),
(190, 'SA', 'Saudi Arabia', '0000-00-00 00:00:00', '0000-00-00 00:00:00'),
(191, 'SN', 'Senegal', '0000-00-00 00:00:00', '0000-00-00 00:00:00'),
(192, 'RS', 'Serbia', '0000-00-00 00:00:00', '0000-00-00 00:00:00'),
(193, 'SC', 'Seychelles', '0000-00-00 00:00:00', '0000-00-00 00:00:00'),
(194, 'SL', 'Sierra Leone', '0000-00-00 00:00:00', '0000-00-00 00:00:00'),
(195, 'SG', 'Singapore', '0000-00-00 00:00:00', '0000-00-00 00:00:00'),
(196, 'SK', 'Slovakia', '0000-00-00 00:00:00', '0000-00-00 00:00:00'),
(197, 'SI', 'Slovenia', '0000-00-00 00:00:00', '0000-00-00 00:00:00'),
(198, 'SB', 'Solomon Islands', '0000-00-00 00:00:00', '0000-00-00 00:00:00'),
(199, 'SO', 'Somalia', '0000-00-00 00:00:00', '0000-00-00 00:00:00'),
(200, 'ZA', 'South Africa', '0000-00-00 00:00:00', '0000-00-00 00:00:00'),
(201, 'GS', 'South Georgia South Sandwich Islands', '0000-00-00 00:00:00', '0000-00-00 00:00:00'),
(202, 'ES', 'Spain', '0000-00-00 00:00:00', '0000-00-00 00:00:00'),
(203, 'LK', 'Sri Lanka', '0000-00-00 00:00:00', '0000-00-00 00:00:00'),
(204, 'SH', 'St. Helena', '0000-00-00 00:00:00', '0000-00-00 00:00:00'),
(205, 'PM', 'St. Pierre and Miquelon', '0000-00-00 00:00:00', '0000-00-00 00:00:00'),
(206, 'SD', 'Sudan', '0000-00-00 00:00:00', '0000-00-00 00:00:00'),
(207, 'SR', 'Suriname', '0000-00-00 00:00:00', '0000-00-00 00:00:00'),
(208, 'SJ', 'Svalbard and Jan Mayen Islands', '0000-00-00 00:00:00', '0000-00-00 00:00:00'),
(209, 'SZ', 'Swaziland', '0000-00-00 00:00:00', '0000-00-00 00:00:00'),
(210, 'SE', 'Sweden', '0000-00-00 00:00:00', '0000-00-00 00:00:00'),
(211, 'CH', 'Switzerland', '0000-00-00 00:00:00', '0000-00-00 00:00:00'),
(212, 'SY', 'Syrian Arab Republic', '0000-00-00 00:00:00', '0000-00-00 00:00:00'),
(213, 'TW', 'Taiwan', '0000-00-00 00:00:00', '0000-00-00 00:00:00'),
(214, 'TJ', 'Tajikistan', '0000-00-00 00:00:00', '0000-00-00 00:00:00'),
(215, 'TZ', 'Tanzania, United Republic of', '0000-00-00 00:00:00', '0000-00-00 00:00:00'),
(216, 'TH', 'Thailand', '0000-00-00 00:00:00', '0000-00-00 00:00:00'),
(217, 'TG', 'Togo', '0000-00-00 00:00:00', '0000-00-00 00:00:00'),
(218, 'TK', 'Tokelau', '0000-00-00 00:00:00', '0000-00-00 00:00:00'),
(219, 'TO', 'Tonga', '0000-00-00 00:00:00', '0000-00-00 00:00:00'),
(220, 'TT', 'Trinidad and Tobago', '0000-00-00 00:00:00', '0000-00-00 00:00:00'),
(221, 'TN', 'Tunisia', '0000-00-00 00:00:00', '0000-00-00 00:00:00'),
(222, 'TR', 'Turkey', '0000-00-00 00:00:00', '0000-00-00 00:00:00'),
(223, 'TM', 'Turkmenistan', '0000-00-00 00:00:00', '0000-00-00 00:00:00'),
(224, 'TC', 'Turks and Caicos Islands', '0000-00-00 00:00:00', '0000-00-00 00:00:00'),
(225, 'TV', 'Tuvalu', '0000-00-00 00:00:00', '0000-00-00 00:00:00'),
(226, 'UG', 'Uganda', '0000-00-00 00:00:00', '0000-00-00 00:00:00'),
(227, 'UA', 'Ukraine', '0000-00-00 00:00:00', '0000-00-00 00:00:00'),
(228, 'AE', 'United Arab Emirates', '0000-00-00 00:00:00', '0000-00-00 00:00:00'),
(229, 'GB', 'United Kingdom', '0000-00-00 00:00:00', '0000-00-00 00:00:00'),
(230, 'US', 'United States', '0000-00-00 00:00:00', '0000-00-00 00:00:00'),
(231, 'UM', 'United States minor outlying islands', '0000-00-00 00:00:00', '0000-00-00 00:00:00'),
(232, 'UY', 'Uruguay', '0000-00-00 00:00:00', '0000-00-00 00:00:00'),
(233, 'UZ', 'Uzbekistan', '0000-00-00 00:00:00', '0000-00-00 00:00:00'),
(234, 'VU', 'Vanuatu', '0000-00-00 00:00:00', '0000-00-00 00:00:00'),
(235, 'VA', 'Vatican City State', '0000-00-00 00:00:00', '0000-00-00 00:00:00'),
(236, 'VE', 'Venezuela', '0000-00-00 00:00:00', '0000-00-00 00:00:00'),
(237, 'VN', 'Vietnam', '0000-00-00 00:00:00', '0000-00-00 00:00:00'),
(238, 'VG', 'Virgin Islands (British)', '0000-00-00 00:00:00', '0000-00-00 00:00:00'),
(239, 'VI', 'Virgin Islands (U.S.)', '0000-00-00 00:00:00', '0000-00-00 00:00:00'),
(240, 'WF', 'Wallis and Futuna Islands', '0000-00-00 00:00:00', '0000-00-00 00:00:00'),
(241, 'EH', 'Western Sahara', '0000-00-00 00:00:00', '0000-00-00 00:00:00'),
(242, 'YE', 'Yemen', '0000-00-00 00:00:00', '0000-00-00 00:00:00'),
(243, 'YU', 'Yugoslavia', '0000-00-00 00:00:00', '0000-00-00 00:00:00'),
(244, 'ZR', 'Zaire', '0000-00-00 00:00:00', '0000-00-00 00:00:00'),
(245, 'ZM', 'Zambia', '0000-00-00 00:00:00', '0000-00-00 00:00:00'),
(246, 'ZW', 'Zimbabwe', '0000-00-00 00:00:00', '0000-00-00 00:00:00');

-- --------------------------------------------------------

--
-- Table structure for table `holiday_lists`
--

CREATE TABLE IF NOT EXISTS `holiday_lists` (
`id` int(11) NOT NULL,
  `holiday_list_user_id` int(11) DEFAULT NULL,
  `company_id` varchar(255) DEFAULT NULL,
  `country_id` int(11) NOT NULL,
  `year` int(11) NOT NULL,
  `holiday_date` date DEFAULT NULL,
  `holiday_name` varchar(255) DEFAULT NULL,
  `status` tinyint(4) NOT NULL DEFAULT '1' COMMENT '0:Inactive;1:Active;4:Deleted;',
  `created_at` datetime DEFAULT NULL,
  `updated_at` datetime DEFAULT NULL
) ENGINE=InnoDB AUTO_INCREMENT=12 DEFAULT CHARSET=latin1;

--
-- Dumping data for table `holiday_lists`
--

INSERT INTO `holiday_lists` (`id`, `holiday_list_user_id`, `company_id`, `country_id`, `year`, `holiday_date`, `holiday_name`, `status`, `created_at`, `updated_at`) VALUES
(1, 3, '4', 4, 2021, '1970-01-01', 'fsdfdsf', 4, '2017-02-28 12:28:02', '2017-03-01 11:28:45'),
(2, 3, '4', 4, 2019, '1970-01-01', 'testing phase', 1, '2017-02-28 12:28:15', '2017-03-06 13:25:04'),
(3, 3, '4', 4, 2019, '2017-03-01', 'testing update', 4, '2017-02-28 12:35:00', '2017-03-01 11:24:04'),
(4, 3, '4', 6, 2019, '2017-05-01', 'testing233ss', 4, '2017-02-28 13:09:28', '2017-03-01 11:27:02'),
(5, 3, '4', 4, 2020, '2017-03-01', 'fdgfdgfgf', 4, '2017-02-28 13:11:46', '2017-03-01 11:15:09'),
(6, 3, '4', 4, 2020, '2017-03-01', 'fdgfdgfgf', 4, '2017-02-28 13:11:58', '2017-03-01 11:24:58'),
(7, 3, '4', 4, 2020, '2017-03-01', 'test case', 1, '2017-02-28 13:15:47', '2017-03-06 13:24:43'),
(8, 3, '4', 13, 2017, '2017-03-23', 'rrrrrr', 1, '2017-03-02 07:17:51', '2017-03-02 07:17:51'),
(9, 3, '4', 13, 2017, '2017-03-23', 'rrrrrr', 1, '2017-03-02 07:17:57', '2017-03-02 07:17:57'),
(10, 3, '4', 5, 2017, '2017-03-28', 'gdfg', 1, '2017-03-02 07:26:15', '2017-03-02 07:26:15'),
(11, 3, '4', 6, 2021, '2017-03-29', 'test 23', 1, '2017-03-06 13:25:25', '2017-03-06 13:25:25');

-- --------------------------------------------------------

--
-- Table structure for table `locations`
--

CREATE TABLE IF NOT EXISTS `locations` (
`location_id` int(11) NOT NULL,
  `location_user_id` int(11) NOT NULL,
  `location_company_id` int(11) NOT NULL,
  `location_name` varchar(255) NOT NULL,
  `street_address` varchar(155) NOT NULL,
  `country_id` int(11) NOT NULL,
  `state_name` varchar(100) NOT NULL,
  `city` varchar(70) NOT NULL,
  `zip_code` int(11) NOT NULL,
  `position_ids` varchar(155) NOT NULL COMMENT 'comma separated saved',
  `staff_ids` varchar(155) NOT NULL COMMENT 'comma separated saved',
  `default_start_time` varchar(50) NOT NULL,
  `default_end_time` varchar(50) NOT NULL,
  `default_meal_break` varchar(20) NOT NULL,
  `status` tinyint(3) NOT NULL COMMENT '0: Inactive;1:Active;4:Deleted;',
  `created_at` datetime NOT NULL,
  `updated_at` datetime NOT NULL
) ENGINE=InnoDB AUTO_INCREMENT=12 DEFAULT CHARSET=latin1;

--
-- Dumping data for table `locations`
--

INSERT INTO `locations` (`location_id`, `location_user_id`, `location_company_id`, `location_name`, `street_address`, `country_id`, `state_name`, `city`, `zip_code`, `position_ids`, `staff_ids`, `default_start_time`, `default_end_time`, `default_meal_break`, `status`, `created_at`, `updated_at`) VALUES
(1, 3, 4, 'Singapore', '', 0, '0', '', 0, '1,2,3', '19,20,22', '12:30 PM', '12:30 PM', '', 0, '0000-00-00 00:00:00', '2017-03-24 12:29:05'),
(2, 3, 4, 'United States', '', 0, '0', '', 0, '1,2,3,4,5,6,7,8', '', '1:15 PM', '1:15 PM', '', 0, '0000-00-00 00:00:00', '2017-03-16 07:39:24'),
(10, 3, 4, 'Testing23', ' Address', 2, ' State', ' City', 4534543, '1,2,3', '10,11,12', '7:00 PM', '19:00', '10', 1, '2017-03-03 13:18:23', '2017-03-03 13:48:31'),
(11, 3, 4, 'Testing', ' Address', 16, 'State', ' City', 43432423, '1,2,3,4,5,6,7', '10,11,12', '7:30 AM', '7:30 PM', '50', 1, '2017-03-03 13:41:31', '2017-03-24 11:01:31');

-- --------------------------------------------------------

--
-- Table structure for table `notes`
--

CREATE TABLE IF NOT EXISTS `notes` (
`note_id` int(11) NOT NULL,
  `company_id` int(11) NOT NULL,
  `location_id` int(11) NOT NULL,
  `notes` text NOT NULL,
  `created_by` int(11) NOT NULL,
  `note_date` date NOT NULL,
  `status` int(11) NOT NULL DEFAULT '1' COMMENT '1:active, 2:deactive, 4:deleted',
  `created_at` datetime NOT NULL,
  `updated_at` datetime NOT NULL
) ENGINE=InnoDB AUTO_INCREMENT=31 DEFAULT CHARSET=latin1;

--
-- Dumping data for table `notes`
--

INSERT INTO `notes` (`note_id`, `company_id`, `location_id`, `notes`, `created_by`, `note_date`, `status`, `created_at`, `updated_at`) VALUES
(11, 4, 10, 'gfgfd dsf fds', 3, '2017-03-28', 1, '2017-03-25 08:06:52', '2017-03-25 08:06:52'),
(12, 4, 11, 'gfgfd dsf fds', 3, '2017-03-28', 1, '2017-03-25 08:06:52', '2017-03-25 08:06:52'),
(24, 4, 1, 'testing for update1143', 3, '2017-03-27', 1, '2017-03-25 09:14:17', '2017-03-25 09:14:17'),
(25, 4, 2, 'testing for update1143', 3, '2017-03-27', 1, '2017-03-25 09:14:17', '2017-03-25 09:14:17'),
(26, 4, 1, 'gfgfd dsf fds fdsf sdfsd', 3, '2017-03-28', 1, '2017-03-25 09:15:07', '2017-03-25 09:15:07'),
(27, 4, 2, 'gfgfd dsf fds fdsf sdfsd', 3, '2017-03-28', 1, '2017-03-25 09:15:07', '2017-03-25 09:15:07'),
(28, 4, 1, 'dsfsd sfds', 3, '2017-03-26', 1, '2017-03-25 09:16:02', '2017-03-25 09:16:02'),
(29, 4, 2, 'dsfsd sfds', 3, '2017-03-26', 1, '2017-03-25 09:16:02', '2017-03-25 09:16:02'),
(30, 4, 1, 'testing for location ', 3, '2017-03-25', 1, '2017-03-25 09:18:54', '2017-03-25 09:18:54');

-- --------------------------------------------------------

--
-- Table structure for table `positions`
--

CREATE TABLE IF NOT EXISTS `positions` (
`id` int(11) NOT NULL,
  `company_id` int(11) DEFAULT NULL,
  `position_user_id` int(11) DEFAULT NULL,
  `position_name` varchar(155) DEFAULT NULL,
  `location_ids` varchar(255) NOT NULL COMMENT 'comma separated saved',
  `staff_ids` varchar(255) NOT NULL COMMENT 'comma separated saved',
  `status` int(11) DEFAULT '1' COMMENT '1:active, 2:deactive, 4:deleted',
  `created_at` datetime DEFAULT NULL,
  `updated_at` datetime DEFAULT NULL
) ENGINE=InnoDB AUTO_INCREMENT=9 DEFAULT CHARSET=latin1;

--
-- Dumping data for table `positions`
--

INSERT INTO `positions` (`id`, `company_id`, `position_user_id`, `position_name`, `location_ids`, `staff_ids`, `status`, `created_at`, `updated_at`) VALUES
(1, 4, 3, 'Manager', '1,2', '10,11', 1, NULL, '2017-03-02 11:48:22'),
(2, 4, 3, 'Tester', '', '', 0, NULL, NULL),
(3, 4, 3, 'testing', '1', '12', 1, '2017-03-02 08:23:54', '2017-03-17 10:17:57'),
(4, 4, 3, 'Sales Manager23', '1', '10,11', 1, '2017-03-02 08:24:20', '2017-03-02 11:52:55'),
(5, 4, 3, 'Sales Manager', '', '', 1, '2017-03-02 09:49:57', '2017-03-09 10:15:39'),
(6, 4, 3, 'testing', '1', '11', 1, '2017-03-02 11:36:33', '2017-03-02 11:36:33'),
(7, 4, 3, 'testing', '1', '10', 1, '2017-03-02 11:42:56', '2017-03-02 11:42:56'),
(8, 4, 3, 'test', '', '', 1, '2017-03-09 10:15:23', '2017-03-09 10:15:23');

-- --------------------------------------------------------

--
-- Table structure for table `privileges`
--

CREATE TABLE IF NOT EXISTS `privileges` (
`id` int(11) NOT NULL,
  `name` varchar(255) DEFAULT NULL,
  `created_at` datetime DEFAULT NULL,
  `updated_at` datetime DEFAULT NULL
) ENGINE=InnoDB AUTO_INCREMENT=4 DEFAULT CHARSET=latin1;

--
-- Dumping data for table `privileges`
--

INSERT INTO `privileges` (`id`, `name`, `created_at`, `updated_at`) VALUES
(1, 'Admin', '2017-02-20 07:21:22', '2017-02-20 07:21:22'),
(2, 'Manager', '2017-02-20 07:21:22', '2017-02-20 07:21:22'),
(3, 'Employee', '2017-02-20 07:21:22', '2017-02-20 07:21:22');

-- --------------------------------------------------------

--
-- Table structure for table `sales_per_day`
--

CREATE TABLE IF NOT EXISTS `sales_per_day` (
`sales_id` int(11) NOT NULL,
  `company_id` int(11) NOT NULL,
  `location_id` int(11) NOT NULL,
  `sales_price` int(11) NOT NULL,
  `sales_per_hour` float NOT NULL,
  `labour_variation` int(11) NOT NULL,
  `sales_percentage` float NOT NULL,
  `sales_shift_date` date NOT NULL,
  `status` int(3) NOT NULL COMMENT '0:Inactive;1:Active;3: Deleted',
  `created_at` datetime NOT NULL,
  `updated_at` datetime NOT NULL
) ENGINE=InnoDB AUTO_INCREMENT=17 DEFAULT CHARSET=latin1;

--
-- Dumping data for table `sales_per_day`
--

INSERT INTO `sales_per_day` (`sales_id`, `company_id`, `location_id`, `sales_price`, `sales_per_hour`, `labour_variation`, `sales_percentage`, `sales_shift_date`, `status`, `created_at`, `updated_at`) VALUES
(1, 4, 1, 8, 0, 0, 0, '2017-03-31', 0, '2017-03-30 13:47:52', '2017-04-06 13:33:11'),
(2, 4, 1, 2, 0, 0, 0, '2017-03-24', 0, '2017-03-30 13:48:12', '2017-03-30 13:48:13'),
(3, 4, 1, 3, 0, 0, 11167, '2017-03-28', 0, '2017-03-30 13:48:20', '2017-03-30 13:51:40'),
(4, 4, 1, 1, 0.03, 0, 34500, '2017-04-14', 0, '2017-03-31 09:51:27', '2017-04-06 08:17:17'),
(5, 4, 1, 2, 0, 2, 100, '2017-04-01', 0, '2017-04-01 07:52:58', '2017-04-06 13:33:12'),
(6, 4, 1, 1, 0.04, 3, 36700, '2017-04-02', 0, '2017-04-01 08:21:41', '2017-04-01 08:22:06'),
(7, 4, 1, 1, 0.03, 0, 30000, '2017-04-05', 0, '2017-04-05 08:15:13', '2017-04-05 10:30:17'),
(8, 4, 1, 4, 0, 0, 0, '2017-03-29', 0, '2017-04-05 10:28:33', '2017-04-05 10:29:42'),
(9, 4, 1, 2, 0, 0, 0, '2017-03-30', 0, '2017-04-05 10:29:50', '2017-04-06 13:33:12'),
(10, 4, 1, 1, 0, 0, 0, '2017-04-06', 0, '2017-04-05 10:30:19', '2017-04-06 12:52:39'),
(11, 4, 1, 1, 0, 0, 0, '2017-04-07', 0, '2017-04-05 10:30:21', '2017-04-06 12:52:40'),
(12, 4, 1, 1, 0.03, 0, 28350, '2017-04-08', 0, '2017-04-05 10:30:22', '2017-04-06 12:52:40'),
(13, 4, 1, 1, 0.18, 0, 0, '2017-04-09', 0, '2017-04-05 10:30:23', '2017-04-06 12:52:40'),
(14, 4, 1, 1, 0, 0, 0, '2017-04-10', 0, '2017-04-05 10:30:24', '2017-04-05 10:30:24'),
(15, 4, 1, 1, 0, 0, 0, '2017-04-11', 0, '2017-04-05 10:30:25', '2017-04-06 12:52:40'),
(16, 4, 1, 2, 0.5, 0, 5300, '2017-04-21', 0, '2017-04-06 09:48:54', '2017-04-06 09:48:59');

-- --------------------------------------------------------

--
-- Table structure for table `shifts`
--

CREATE TABLE IF NOT EXISTS `shifts` (
`id` int(11) NOT NULL,
  `position_id` int(11) NOT NULL,
  `location_id` int(11) NOT NULL,
  `assigned_to` int(11) NOT NULL,
  `assigned_by` int(11) NOT NULL,
  `company_id` int(11) NOT NULL,
  `shift_start_time` datetime NOT NULL,
  `shift_end_time` datetime NOT NULL,
  `meal_break` varchar(10) NOT NULL,
  `end_option` tinyint(3) NOT NULL COMMENT '1:Time;2:Close;3:Required;',
  `notes` varchar(255) NOT NULL,
  `visible` int(11) NOT NULL COMMENT '0:Not Visible;1:Visible;',
  `shift_date` date NOT NULL,
  `status` int(11) NOT NULL COMMENT '0: Un Published;1 : Published; 3: Deleted;',
  `is_conflict` int(2) NOT NULL DEFAULT '0' COMMENT '0:No;1:Yes;',
  `created_at` datetime NOT NULL,
  `updated_at` datetime NOT NULL
) ENGINE=InnoDB AUTO_INCREMENT=539 DEFAULT CHARSET=latin1;

--
-- Dumping data for table `shifts`
--

INSERT INTO `shifts` (`id`, `position_id`, `location_id`, `assigned_to`, `assigned_by`, `company_id`, `shift_start_time`, `shift_end_time`, `meal_break`, `end_option`, `notes`, `visible`, `shift_date`, `status`, `is_conflict`, `created_at`, `updated_at`) VALUES
(2, 0, 1, 10, 3, 4, '2017-03-28 12:30:00', '2017-03-28 12:30:00', '', 1, '', 0, '2017-03-15', 0, 0, '2017-03-15 12:28:13', '2017-03-15 12:28:13'),
(3, 0, 1, 10, 3, 4, '2017-03-28 12:30:00', '2017-03-28 12:30:00', '', 1, '', 0, '2017-03-15', 0, 0, '2017-03-15 13:42:11', '2017-03-15 13:42:11'),
(4, 0, 1, 10, 3, 4, '2017-03-28 12:30:00', '2017-03-28 12:30:00', '30', 2, '', 0, '2017-03-16', 1, 0, '2017-03-16 05:37:39', '2017-03-23 12:58:15'),
(5, 0, 1, 10, 3, 4, '2017-03-28 12:30:00', '2017-03-28 12:30:00', '30', 2, '', 0, '2017-03-16', 1, 0, '2017-03-16 05:37:46', '2017-03-23 12:58:15'),
(6, 0, 1, 10, 3, 4, '2017-03-28 12:30:00', '2017-03-28 12:30:00', '30', 2, '', 0, '2017-03-16', 1, 0, '2017-03-16 05:42:25', '2017-03-23 12:58:15'),
(7, 0, 1, 10, 3, 4, '2017-03-28 12:30:00', '2017-03-28 12:30:00', '', 1, '', 0, '2017-03-16', 1, 0, '2017-03-16 07:14:38', '2017-03-23 12:58:15'),
(8, 1, 1, 10, 3, 4, '2017-03-28 12:30:00', '2017-03-28 12:30:00', '', 1, '', 0, '2017-03-16', 1, 0, '2017-03-16 07:20:04', '2017-03-23 12:58:15'),
(9, 1, 1, 11, 3, 4, '2017-03-28 12:30:00', '2017-03-28 12:30:00', '', 1, '', 0, '2017-03-16', 1, 0, '2017-03-16 07:20:04', '2017-03-23 12:58:15'),
(11, 1, 1, 10, 3, 4, '2017-03-28 12:30:00', '2017-03-28 12:30:00', '30', 1, '', 0, '2017-03-17', 1, 0, '2017-03-17 05:59:25', '2017-03-23 12:58:15'),
(12, 1, 1, 11, 3, 4, '2017-03-28 12:30:00', '2017-03-28 12:30:00', '30', 1, '', 0, '2017-03-17', 1, 0, '2017-03-17 05:59:25', '2017-03-23 12:58:15'),
(14, 1, 1, 10, 3, 4, '2017-03-28 12:30:00', '2017-03-28 12:30:00', '45', 2, '', 0, '2017-03-17', 1, 0, '2017-03-17 06:02:18', '2017-03-23 12:58:15'),
(15, 1, 1, 11, 3, 4, '2017-03-28 12:30:00', '2017-03-28 12:30:00', '45', 2, '', 0, '2017-03-17', 1, 0, '2017-03-17 06:02:18', '2017-03-23 12:58:15'),
(18, 3, 1, 12, 3, 4, '2017-03-28 01:15:00', '2017-03-28 12:30:00', '30', 1, '', 0, '2017-03-18', 0, 0, '2017-03-17 11:22:38', '2017-03-17 11:22:38'),
(20, 3, 1, 12, 3, 4, '2017-03-28 06:30:00', '2017-03-28 12:30:00', '15', 1, '', 0, '2017-03-18', 0, 0, '2017-03-17 11:26:39', '2017-03-17 11:26:39'),
(22, 3, 1, 12, 3, 4, '2017-03-28 06:30:00', '2017-03-28 12:30:00', '30', 2, '', 0, '2017-03-19', 0, 0, '2017-03-17 11:28:18', '2017-03-17 11:28:18'),
(23, 1, 1, 10, 3, 4, '2017-03-28 12:45:00', '2017-03-28 12:30:00', '15', 1, '', 0, '2017-03-19', 1, 0, '2017-03-17 11:32:57', '2017-03-23 12:58:15'),
(24, 1, 1, 10, 3, 4, '2017-03-28 12:45:00', '2017-03-28 12:30:00', '15', 1, '', 0, '2017-03-19', 1, 0, '2017-03-17 11:32:57', '2017-03-23 12:58:15'),
(26, 1, 1, 10, 3, 4, '2017-03-28 01:00:00', '2017-03-28 12:30:00', '90', 3, '', 0, '2017-03-18', 1, 0, '2017-03-17 11:42:46', '2017-03-23 12:58:15'),
(27, 1, 1, 11, 3, 4, '2017-03-28 01:00:00', '2017-03-28 12:30:00', '90', 3, '', 0, '2017-03-18', 1, 0, '2017-03-17 11:42:46', '2017-03-23 12:58:15'),
(28, 1, 1, 10, 3, 4, '2017-03-28 01:00:00', '2017-03-28 02:00:00', '30', 2, '', 0, '2017-03-18', 1, 0, '2017-03-17 11:43:53', '2017-03-23 12:58:15'),
(29, 1, 1, 11, 3, 4, '2017-03-28 01:00:00', '2017-03-28 02:00:00', '30', 2, '', 0, '2017-03-18', 1, 0, '2017-03-17 11:43:53', '2017-03-23 12:58:15'),
(30, 1, 1, 10, 3, 4, '2017-03-28 05:15:00', '2017-03-28 04:45:00', '15', 3, '', 0, '2017-03-20', 3, 0, '2017-03-20 11:22:14', '2017-03-20 13:52:14'),
(31, 1, 1, 10, 3, 4, '2017-03-28 06:15:00', '2017-03-28 06:15:00', '15', 1, '', 0, '2017-03-27', 3, 0, '2017-03-20 12:34:00', '2017-03-21 09:49:36'),
(32, 1, 1, 11, 3, 4, '2017-03-28 06:15:00', '2017-03-28 06:15:00', '15', 1, '', 0, '2017-03-27', 1, 0, '2017-03-20 12:34:00', '2017-03-23 12:45:16'),
(33, 1, 1, 10, 3, 4, '2017-03-28 06:15:00', '2017-03-28 06:15:00', '15', 1, '', 0, '2017-03-27', 3, 0, '2017-03-20 12:34:23', '2017-03-20 13:56:07'),
(34, 1, 1, 11, 3, 4, '2017-03-28 06:15:00', '2017-03-28 06:15:00', '15', 1, '', 0, '2017-03-27', 3, 0, '2017-03-20 12:34:23', '2017-03-20 13:56:04'),
(35, 1, 1, 10, 3, 4, '2017-03-28 06:15:00', '2017-03-28 06:15:00', '15', 1, '', 0, '2017-03-28', 1, 0, '2017-03-20 12:36:24', '2017-03-23 12:52:56'),
(36, 1, 1, 11, 3, 4, '2017-03-28 06:15:00', '2017-03-28 06:15:00', '15', 1, '', 0, '2017-03-28', 3, 0, '2017-03-20 12:36:24', '2017-03-20 13:55:54'),
(37, 1, 1, 11, 3, 4, '2017-03-28 06:15:00', '2017-03-28 06:15:00', '', 1, '', 0, '2017-03-29', 3, 0, '2017-03-20 12:38:03', '2017-03-20 13:55:59'),
(38, 1, 1, 11, 3, 4, '2017-03-28 06:15:00', '2017-03-28 06:15:00', '15', 1, '', 0, '2017-03-21', 3, 0, '2017-03-20 12:39:07', '2017-03-21 12:48:39'),
(39, 1, 1, 11, 3, 4, '2017-03-28 06:30:00', '2017-03-28 06:30:00', '15', 3, '', 0, '2017-03-23', 3, 0, '2017-03-21 12:54:31', '2017-03-23 10:53:57'),
(40, 1, 1, 10, 3, 4, '2017-03-28 06:30:00', '2017-03-28 06:30:00', '15', 3, '', 0, '2017-03-22', 1, 0, '2017-03-21 12:55:15', '2017-03-23 12:58:15'),
(41, 1, 1, 10, 3, 4, '2017-03-28 06:30:00', '2017-03-28 06:30:00', '15', 3, '', 0, '2017-03-21', 1, 0, '2017-03-21 12:55:39', '2017-03-23 12:58:15'),
(42, 1, 1, 11, 3, 4, '2017-03-28 06:30:00', '2017-03-28 06:30:00', '15', 3, '', 0, '2017-03-24', 3, 0, '2017-03-21 12:55:49', '2017-03-23 13:16:59'),
(43, 1, 1, 11, 3, 4, '2017-03-28 06:30:00', '2017-03-28 06:30:00', '15', 3, '', 0, '2017-03-25', 1, 0, '2017-03-21 12:56:02', '2017-03-23 12:45:16'),
(44, 1, 1, 10, 3, 4, '2017-03-28 06:30:00', '2017-03-28 06:30:00', '15', 3, '', 0, '2017-03-26', 1, 0, '2017-03-21 12:56:24', '2017-03-23 12:52:56'),
(45, 1, 1, 10, 3, 4, '2017-03-28 06:30:00', '2017-03-28 06:30:00', '15', 3, '', 0, '2017-03-26', 3, 0, '2017-03-21 12:56:26', '2017-03-21 12:56:32'),
(46, 1, 1, 11, 3, 4, '2017-03-28 06:30:00', '2017-03-28 06:30:00', '15', 3, '', 0, '2017-03-24', 3, 0, '2017-03-21 13:02:00', '2017-03-21 13:03:06'),
(47, 1, 1, 11, 3, 4, '2017-03-28 06:30:00', '2017-03-28 06:30:00', '15', 3, '', 0, '2017-03-24', 3, 0, '2017-03-21 13:02:20', '2017-03-21 13:03:07'),
(48, 1, 1, 11, 3, 4, '2017-03-28 06:30:00', '2017-03-28 06:30:00', '15', 3, '', 0, '2017-03-24', 1, 0, '2017-03-21 13:02:21', '2017-03-23 12:45:16'),
(49, 1, 1, 10, 3, 4, '2017-03-28 01:45:00', '2017-03-28 01:45:00', '15', 2, '', 0, '2017-03-29', 1, 0, '2017-03-23 08:10:37', '2017-03-23 12:52:56'),
(50, 1, 1, 11, 3, 4, '2017-03-28 04:45:00', '2017-03-28 04:45:00', '', 1, '', 0, '2017-03-25', 0, 0, '2017-03-24 11:09:16', '2017-03-24 11:09:16'),
(51, 1, 1, 22, 3, 4, '2017-03-28 06:00:00', '2017-03-28 06:00:00', '15', 2, '', 0, '2017-03-24', 1, 0, '2017-03-24 12:29:42', '2017-03-24 12:32:47'),
(52, 2, 1, 22, 3, 4, '2017-03-28 06:00:00', '2017-03-28 06:00:00', '15', 2, '', 0, '2017-03-24', 1, 0, '2017-03-24 12:29:42', '2017-03-24 12:32:47'),
(53, 1, 1, 22, 3, 4, '2017-03-28 06:00:00', '2017-03-28 06:00:00', '30', 1, '', 0, '2017-03-25', 1, 0, '2017-03-24 12:29:57', '2017-03-24 12:32:47'),
(54, 2, 1, 22, 3, 4, '2017-03-28 06:00:00', '2017-03-28 06:00:00', '30', 1, '', 0, '2017-03-25', 1, 0, '2017-03-24 12:29:57', '2017-03-24 12:32:47'),
(55, 1, 1, 11, 3, 4, '2017-03-28 04:15:00', '2017-03-28 04:15:00', '15', 2, '', 0, '2017-03-29', 1, 0, '2017-03-27 10:33:39', '2017-03-29 13:57:40'),
(56, 1, 1, 11, 3, 4, '2017-03-28 04:15:00', '2017-03-28 04:15:00', '30', 1, '', 0, '2017-03-28', 3, 0, '2017-03-27 10:34:28', '2017-03-30 13:49:56'),
(57, 1, 1, 11, 3, 4, '2017-03-28 04:15:00', '2017-03-28 04:15:00', '30', 1, '', 0, '2017-03-28', 3, 0, '2017-03-27 10:35:56', '2017-03-27 13:54:14'),
(58, 2, 1, 0, 3, 4, '2017-03-28 06:15:00', '2017-03-28 06:15:00', '', 1, '', 0, '2017-03-28', 3, 0, '2017-03-27 12:40:16', '2017-03-30 13:50:01'),
(59, 1, 1, 11, 3, 4, '2017-03-28 06:15:00', '2017-03-28 06:15:00', '15', 1, '', 0, '2017-03-28', 3, 0, '2017-03-27 12:42:48', '2017-03-27 13:54:11'),
(60, 2, 1, 0, 3, 4, '2017-03-28 06:15:00', '2017-03-28 06:15:00', '15', 2, '', 0, '2017-03-29', 1, 0, '2017-03-27 12:43:57', '2017-03-29 13:57:40'),
(61, 1, 1, 11, 3, 4, '2017-03-28 06:15:00', '2017-03-28 06:15:00', '15', 2, '', 0, '2017-03-29', 1, 0, '2017-03-27 12:44:23', '2017-03-29 13:57:40'),
(62, 1, 1, 11, 3, 4, '2017-03-28 06:15:00', '2017-03-28 06:15:00', '15', 2, '', 0, '2017-03-29', 1, 0, '2017-03-27 12:48:27', '2017-03-29 13:57:40'),
(63, 1, 1, 11, 3, 4, '2017-03-28 06:15:00', '2017-03-28 06:15:00', '15', 2, '', 0, '2017-03-29', 1, 0, '2017-03-27 12:49:25', '2017-03-29 13:57:40'),
(64, 1, 1, 11, 3, 4, '2017-03-28 06:15:00', '2017-03-28 06:15:00', '15', 2, '', 0, '2017-03-29', 1, 0, '2017-03-27 12:50:13', '2017-03-29 13:57:40'),
(65, 1, 1, 11, 3, 4, '2017-03-28 06:15:00', '2017-03-28 06:15:00', '15', 2, '', 0, '2017-03-29', 1, 0, '2017-03-27 12:50:36', '2017-03-29 13:57:40'),
(66, 1, 1, 11, 3, 4, '2017-03-28 06:15:00', '2017-03-28 06:15:00', '15', 2, '', 0, '2017-03-29', 1, 0, '2017-03-27 12:51:36', '2017-03-29 13:57:40'),
(67, 1, 1, 11, 3, 4, '2017-03-28 06:15:00', '2017-03-28 06:15:00', '15', 2, '', 0, '2017-03-29', 1, 0, '2017-03-27 12:52:33', '2017-03-29 13:57:40'),
(68, 1, 1, 11, 3, 4, '2017-03-28 06:15:00', '2017-03-28 06:15:00', '15', 2, '', 0, '2017-03-29', 1, 0, '2017-03-27 12:54:04', '2017-03-29 13:57:40'),
(69, 1, 1, 11, 3, 4, '2017-03-28 06:15:00', '2017-03-28 06:15:00', '15', 2, '', 0, '2017-03-29', 1, 0, '2017-03-27 12:55:07', '2017-03-29 13:57:40'),
(70, 1, 1, 11, 3, 4, '2017-03-28 06:15:00', '2017-03-28 06:15:00', '15', 2, '', 0, '2017-03-29', 1, 0, '2017-03-27 12:56:04', '2017-03-29 13:57:40'),
(71, 1, 1, 11, 3, 4, '2017-03-28 06:15:00', '2017-03-28 06:15:00', '15', 2, '', 0, '2017-03-29', 1, 0, '2017-03-27 13:24:58', '2017-03-29 13:57:40'),
(72, 1, 1, 11, 3, 4, '2017-03-28 06:15:00', '2017-03-28 06:15:00', '15', 2, '', 0, '2017-03-29', 1, 0, '2017-03-27 13:28:17', '2017-03-29 13:57:40'),
(73, 1, 1, 11, 3, 4, '2017-03-28 06:15:00', '2017-03-28 06:15:00', '15', 2, '', 0, '2017-03-29', 1, 0, '2017-03-27 13:34:37', '2017-03-29 13:57:40'),
(74, 1, 1, 11, 3, 4, '2017-03-28 06:15:00', '2017-03-28 06:15:00', '15', 2, '', 0, '2017-03-29', 1, 0, '2017-03-27 13:40:51', '2017-03-29 13:57:40'),
(75, 1, 1, 11, 3, 4, '2017-03-28 06:15:00', '2017-03-28 06:15:00', '15', 2, '', 0, '2017-03-29', 1, 0, '2017-03-27 13:43:17', '2017-03-29 13:57:40'),
(76, 1, 1, 11, 3, 4, '2017-03-28 06:15:00', '2017-03-28 06:15:00', '15', 2, '', 0, '2017-03-29', 1, 0, '2017-03-27 13:47:06', '2017-03-29 13:57:40'),
(77, 1, 1, 10, 3, 4, '2017-03-28 06:15:00', '2017-03-28 06:15:00', '', 2, '', 0, '2017-03-27', 0, 0, '2017-03-27 13:48:38', '2017-03-27 13:48:38'),
(78, 1, 1, 10, 3, 4, '2017-03-28 06:15:00', '2017-03-28 06:15:00', '', 2, '', 0, '2017-03-27', 0, 0, '2017-03-27 13:49:25', '2017-03-27 13:49:25'),
(79, 1, 1, 10, 3, 4, '2017-03-28 06:15:00', '2017-03-28 06:15:00', '', 2, '', 0, '2017-03-27', 0, 0, '2017-03-27 13:50:54', '2017-03-27 13:50:54'),
(80, 1, 1, 10, 3, 4, '2017-03-28 06:15:00', '2017-03-28 06:15:00', '', 2, '', 0, '2017-03-27', 0, 0, '2017-03-27 13:51:14', '2017-03-27 13:51:14'),
(81, 1, 1, 10, 3, 4, '2017-03-28 06:15:00', '2017-03-28 06:15:00', '', 2, '', 0, '2017-03-27', 0, 0, '2017-03-27 13:53:06', '2017-03-27 13:53:06'),
(82, 1, 1, 11, 3, 4, '2017-03-28 07:30:00', '2017-03-28 07:30:00', '15', 1, '', 0, '2017-03-28', 0, 0, '2017-03-27 13:54:25', '2017-03-27 13:54:25'),
(83, 1, 1, 11, 3, 4, '2017-03-28 07:30:00', '2017-03-28 11:45:00', '', 1, '', 0, '2017-03-28', 0, 0, '2017-03-27 13:55:20', '2017-03-27 13:55:20'),
(84, 1, 1, 0, 3, 4, '2017-03-28 07:45:00', '2017-03-28 10:30:00', '', 1, '', 0, '2017-03-28', 3, 0, '2017-03-27 13:56:04', '2017-03-30 13:49:51'),
(85, 1, 1, 11, 3, 4, '2017-03-28 07:45:00', '2017-03-28 10:30:00', '', 1, '', 0, '2017-03-28', 0, 0, '2017-03-27 13:56:13', '2017-03-27 13:56:13'),
(86, 1, 1, 0, 3, 4, '2017-03-28 08:30:00', '2017-03-28 10:15:00', '', 1, '', 0, '2017-03-28', 3, 0, '2017-03-27 13:57:08', '2017-03-30 13:49:53'),
(87, 1, 1, 11, 3, 4, '2017-03-28 08:30:00', '2017-03-28 10:15:00', '', 1, '', 0, '2017-03-28', 0, 0, '2017-03-27 13:57:14', '2017-03-27 13:57:14'),
(88, 1, 1, 11, 3, 4, '2017-03-28 08:30:00', '2017-03-28 10:15:00', '', 1, '', 0, '2017-03-28', 0, 0, '2017-03-27 13:57:31', '2017-03-27 13:57:31'),
(89, 1, 1, 11, 3, 4, '2017-03-28 08:30:00', '2017-03-28 10:15:00', '', 1, '', 0, '2017-03-28', 0, 0, '2017-03-27 14:02:04', '2017-03-27 14:02:04'),
(90, 1, 1, 11, 3, 4, '2017-03-28 08:30:00', '2017-03-28 10:15:00', '', 1, '', 0, '2017-03-28', 0, 0, '2017-03-27 14:04:36', '2017-03-27 14:04:36'),
(91, 1, 1, 0, 3, 4, '2017-03-28 01:30:00', '2017-03-28 04:15:00', '', 1, '', 0, '2017-03-28', 3, 0, '2017-03-27 14:05:42', '2017-03-30 13:49:55'),
(92, 1, 1, 11, 3, 4, '2017-03-28 01:30:00', '2017-03-28 04:15:00', '', 1, '', 0, '2017-03-28', 0, 0, '2017-03-27 14:05:49', '2017-03-30 13:49:56'),
(93, 1, 1, 11, 3, 4, '2017-03-28 01:15:00', '2017-03-28 02:30:00', '', 1, '', 0, '2017-03-30', 3, 0, '2017-03-28 07:32:54', '2017-03-30 10:37:23'),
(94, 1, 1, 10, 3, 4, '2017-03-30 02:30:00', '2017-03-30 03:00:00', '15', 1, '', 0, '2017-03-30', 3, 0, '2017-03-28 07:33:44', '2017-04-06 13:33:11'),
(95, 1, 1, 10, 3, 4, '2017-03-28 01:15:00', '2017-03-28 01:30:00', '', 1, '', 0, '2017-03-30', 3, 0, '2017-03-28 07:34:14', '2017-04-06 13:33:11'),
(96, 1, 1, 11, 3, 4, '2017-03-28 02:30:00', '2017-03-28 03:30:00', '', 1, '', 0, '2017-03-30', 3, 1, '2017-03-28 07:34:59', '2017-03-30 11:04:57'),
(97, 1, 1, 11, 3, 4, '2017-03-28 02:30:00', '2017-03-28 03:30:00', '', 1, '', 0, '2017-03-30', 3, 1, '2017-03-28 07:51:31', '2017-03-30 11:04:56'),
(98, 1, 1, 11, 3, 4, '2017-03-28 02:30:00', '2017-03-28 03:30:00', '', 1, '', 0, '2017-03-30', 3, 1, '2017-03-28 07:51:43', '2017-03-30 11:04:54'),
(99, 1, 1, 11, 3, 4, '2017-03-28 02:45:00', '2017-03-28 03:15:00', '', 1, '', 0, '2017-03-30', 3, 1, '2017-03-28 07:51:56', '2017-03-30 11:04:58'),
(100, 1, 1, 0, 3, 4, '2017-03-28 02:45:00', '2017-03-28 03:00:00', '', 1, '', 0, '2017-03-30', 3, 0, '2017-03-28 07:52:36', '2017-03-30 10:37:18'),
(101, 1, 1, 11, 3, 4, '2017-03-28 02:45:00', '2017-03-28 03:00:00', '', 1, '', 0, '2017-03-30', 3, 1, '2017-03-28 07:52:42', '2017-03-30 11:04:59'),
(102, 1, 1, 11, 3, 4, '2017-03-28 02:45:00', '2017-03-28 03:00:00', '', 1, '', 0, '2017-03-30', 3, 1, '2017-03-28 07:59:20', '2017-03-30 11:05:00'),
(103, 1, 1, 11, 3, 4, '2017-03-28 02:45:00', '2017-03-28 03:00:00', '', 1, '', 0, '2017-03-30', 3, 1, '2017-03-28 08:00:05', '2017-03-30 11:05:00'),
(104, 1, 1, 11, 3, 4, '2017-03-28 02:45:00', '2017-03-28 03:00:00', '', 1, '', 0, '2017-03-30', 3, 1, '2017-03-28 08:01:41', '2017-03-30 11:05:01'),
(105, 1, 1, 11, 3, 4, '2017-03-28 03:00:00', '2017-03-28 03:15:00', '', 1, '', 0, '2017-03-30', 3, 1, '2017-03-28 08:02:04', '2017-03-30 11:05:02'),
(106, 1, 1, 11, 3, 4, '2017-03-28 03:00:00', '2017-03-28 03:15:00', '', 1, '', 0, '2017-03-30', 3, 1, '2017-03-28 08:02:51', '2017-03-30 11:05:03'),
(107, 1, 1, 0, 3, 4, '2017-03-28 03:15:00', '2017-03-28 04:00:00', '', 1, '', 0, '2017-03-30', 3, 0, '2017-03-28 10:21:58', '2017-03-30 10:37:20'),
(108, 1, 1, 11, 3, 4, '2017-03-28 03:15:00', '2017-03-28 04:00:00', '', 1, '', 0, '2017-03-30', 3, 1, '2017-03-28 10:22:02', '2017-03-30 11:05:03'),
(109, 1, 1, 11, 3, 4, '2017-03-28 03:15:00', '2017-03-28 04:00:00', '', 1, '', 0, '2017-03-30', 3, 1, '2017-03-28 10:28:40', '2017-03-30 11:05:04'),
(110, 1, 1, 11, 3, 4, '2017-03-28 03:15:00', '2017-03-28 04:00:00', '', 1, '', 0, '2017-03-30', 3, 1, '2017-03-28 10:29:26', '2017-03-30 11:05:05'),
(111, 1, 1, 11, 3, 4, '2017-03-28 03:15:00', '2017-03-28 04:00:00', '', 1, '', 0, '2017-03-30', 3, 1, '2017-03-28 10:31:55', '2017-03-30 11:05:06'),
(112, 1, 1, 0, 3, 4, '2017-03-28 03:15:00', '2017-03-28 04:15:00', '', 1, '', 0, '2017-03-30', 3, 0, '2017-03-28 10:32:23', '2017-03-30 10:37:22'),
(113, 1, 1, 11, 3, 4, '2017-03-28 03:15:00', '2017-03-28 04:15:00', '', 1, '', 0, '2017-03-30', 3, 1, '2017-03-28 10:32:29', '2017-03-30 11:05:07'),
(114, 1, 1, 11, 3, 4, '2017-03-28 03:15:00', '2017-03-28 04:15:00', '', 1, '', 0, '2017-03-30', 3, 1, '2017-03-28 10:40:17', '2017-03-30 11:05:08'),
(115, 1, 1, 11, 3, 4, '2017-03-28 03:15:00', '2017-03-28 04:15:00', '', 1, '', 0, '2017-03-30', 3, 1, '2017-03-28 10:41:19', '2017-03-30 11:05:09'),
(116, 1, 1, 11, 3, 4, '2017-03-28 03:30:00', '2017-03-28 04:15:00', '', 1, '', 0, '2017-03-30', 3, 1, '2017-03-28 10:41:29', '2017-03-30 11:05:10'),
(117, 1, 1, 11, 3, 4, '2017-03-28 03:30:00', '2017-03-28 04:15:00', '', 1, '', 0, '2017-03-30', 3, 1, '2017-03-28 10:53:37', '2017-03-30 11:05:12'),
(118, 1, 1, 11, 3, 4, '2017-03-28 03:30:00', '2017-03-28 04:15:00', '', 1, '', 0, '2017-03-30', 3, 1, '2017-03-28 10:53:50', '2017-03-30 11:05:14'),
(119, 1, 1, 11, 3, 4, '2017-03-28 03:45:00', '2017-03-28 04:15:00', '', 1, '', 0, '2017-03-30', 3, 1, '2017-03-28 10:54:43', '2017-03-30 11:05:15'),
(120, 1, 1, 11, 3, 4, '2017-03-28 03:45:00', '2017-03-28 04:15:00', '', 1, '', 0, '2017-03-30', 3, 1, '2017-03-28 10:55:27', '2017-04-06 13:33:11'),
(146, 1, 1, 11, 3, 4, '0000-00-00 00:00:00', '0000-00-00 00:00:00', '', 1, '', 0, '2017-03-30', 3, 0, '2017-03-28 13:32:13', '2017-04-06 13:33:11'),
(147, 1, 1, 11, 3, 4, '0000-00-00 00:00:00', '0000-00-00 00:00:00', '15', 2, '', 0, '2017-03-31', 3, 0, '2017-03-29 05:59:20', '2017-03-31 12:19:59'),
(148, 1, 1, 11, 3, 4, '0000-00-00 00:00:00', '0000-00-00 00:00:00', '15', 2, '', 0, '2017-03-31', 3, 0, '2017-03-29 05:59:26', '2017-03-31 12:19:26'),
(149, 1, 1, 11, 3, 4, '2017-03-29 13:45:00', '2017-03-29 19:45:00', '15', 1, '', 0, '2017-03-31', 3, 0, '2017-03-29 06:02:09', '2017-03-29 13:35:53'),
(150, 1, 1, 11, 3, 4, '2017-03-29 15:45:00', '2017-03-29 17:45:00', '30', 1, '', 0, '2017-03-31', 3, 0, '2017-03-29 06:03:21', '2017-03-29 13:36:00'),
(151, 1, 1, 0, 3, 4, '2017-03-29 19:00:00', '2017-03-29 20:00:00', '', 1, '', 0, '2017-03-31', 3, 1, '2017-03-29 12:28:36', '2017-03-30 10:37:50'),
(152, 1, 1, 11, 3, 4, '2017-03-29 19:00:00', '2017-03-29 20:00:00', '', 1, '', 0, '2017-03-31', 3, 0, '2017-03-29 12:28:42', '2017-03-29 13:43:25'),
(153, 1, 1, 11, 3, 4, '2017-03-29 19:00:00', '2017-03-29 20:00:00', '', 1, '', 0, '2017-03-31', 3, 0, '2017-03-29 12:29:00', '2017-03-29 13:43:31'),
(154, 1, 1, 11, 3, 4, '2017-03-29 19:00:00', '2017-03-29 20:00:00', '', 1, '', 0, '2017-03-31', 3, 0, '2017-03-29 12:30:16', '2017-03-29 13:43:28'),
(155, 1, 1, 11, 3, 4, '2017-03-29 19:00:00', '2017-03-29 20:00:00', '', 1, '', 0, '2017-03-31', 3, 1, '2017-03-29 12:32:21', '2017-03-31 12:20:25'),
(156, 1, 1, 11, 3, 4, '2017-03-29 19:00:00', '2017-03-29 20:00:00', '', 1, '', 0, '2017-03-31', 3, 1, '2017-03-29 12:39:32', '2017-03-31 12:20:04'),
(157, 1, 1, 11, 3, 4, '2017-03-29 19:00:00', '2017-03-29 20:00:00', '', 1, '', 0, '2017-03-31', 3, 1, '2017-03-29 12:40:50', '2017-03-31 12:20:27'),
(158, 1, 1, 11, 3, 4, '2017-03-29 19:00:00', '2017-03-29 20:00:00', '', 1, '', 0, '2017-03-31', 3, 0, '2017-03-29 12:42:24', '2017-03-29 13:43:34'),
(159, 1, 1, 11, 3, 4, '2017-03-29 19:00:00', '2017-03-29 20:00:00', '', 1, '', 0, '2017-03-31', 3, 1, '2017-03-29 12:43:17', '2017-03-31 12:20:15'),
(160, 1, 1, 11, 3, 4, '2017-03-29 19:00:00', '2017-03-29 20:00:00', '', 1, '', 0, '2017-03-31', 3, 0, '2017-03-29 12:43:57', '2017-03-29 13:35:47'),
(161, 1, 1, 11, 3, 4, '2017-03-29 19:00:00', '2017-03-29 20:00:00', '', 1, '', 0, '2017-03-31', 3, 1, '2017-03-29 12:52:40', '2017-03-31 12:20:28'),
(162, 1, 1, 11, 3, 4, '2017-03-29 19:00:00', '2017-03-29 20:00:00', '', 1, '', 0, '2017-03-31', 3, 0, '2017-03-29 13:11:16', '2017-04-06 13:33:11'),
(163, 1, 1, 11, 3, 4, '2017-03-29 19:00:00', '2017-03-29 20:00:00', '', 1, '', 0, '2017-03-31', 3, 0, '2017-03-29 13:11:54', '2017-04-06 13:33:11'),
(164, 1, 1, 11, 3, 4, '2017-03-29 19:00:00', '2017-03-29 20:00:00', '', 1, '', 0, '2017-03-31', 3, 1, '2017-03-29 13:14:10', '2017-03-31 12:20:22'),
(165, 1, 1, 11, 3, 4, '2017-03-29 19:00:00', '2017-03-29 20:00:00', '', 1, '', 0, '2017-03-31', 3, 1, '2017-03-29 13:14:16', '2017-03-31 12:20:20'),
(166, 1, 1, 11, 3, 4, '2017-03-29 19:15:00', '2017-03-29 20:15:00', '', 1, '', 0, '2017-03-31', 3, 0, '2017-03-29 13:31:57', '2017-03-29 13:43:37'),
(167, 1, 1, 0, 3, 4, '2017-03-29 19:00:00', '2017-03-29 19:45:00', '', 1, '', 0, '2017-03-31', 3, 1, '2017-03-29 14:02:25', '2017-03-30 10:37:29'),
(168, 1, 1, 11, 3, 4, '2017-03-29 19:00:00', '2017-03-29 19:45:00', '15', 1, '', 0, '2017-03-31', 3, 1, '2017-03-29 14:02:29', '2017-03-31 12:19:19'),
(169, 1, 1, 11, 3, 4, '2017-03-29 19:00:00', '2017-03-29 19:45:00', '15', 1, '', 0, '2017-03-31', 3, 1, '2017-03-29 14:02:34', '2017-03-31 12:16:00'),
(170, 2, 11, 11, 3, 4, '2017-03-30 13:30:00', '2017-03-30 14:30:00', '60', 1, '', 0, '2017-02-24', 0, 0, '2017-03-30 07:51:08', '2017-03-30 07:51:08'),
(171, 2, 11, 11, 3, 4, '2017-03-30 13:30:00', '2017-03-30 14:30:00', '60', 1, '', 0, '2017-02-24', 0, 0, '2017-03-30 07:51:09', '2017-03-30 07:51:09'),
(172, 2, 1, 22, 3, 4, '2017-03-30 16:45:00', '2017-03-30 16:45:00', '30', 3, '', 0, '2017-03-30', 3, 0, '2017-03-30 10:58:09', '2017-03-30 12:09:18'),
(173, 1, 1, 10, 3, 4, '2017-03-30 17:15:00', '2017-03-30 17:30:00', '15', 1, '', 0, '2017-03-30', 3, 0, '2017-03-30 11:22:33', '2017-04-06 13:33:11'),
(174, 1, 1, 10, 3, 4, '2017-03-30 17:15:00', '2017-03-30 17:30:00', '15', 1, '', 0, '2017-03-30', 3, 0, '2017-03-30 11:25:37', '2017-04-06 13:33:11'),
(175, 0, 1, 0, 3, 4, '2017-03-30 17:45:00', '2017-03-30 18:30:00', '15', 1, '', 0, '2017-03-30', 3, 0, '2017-03-30 12:07:46', '2017-04-06 13:33:11'),
(176, 0, 1, 0, 3, 4, '2017-03-30 17:45:00', '2017-03-30 18:30:00', '15', 1, '', 0, '2017-03-30', 3, 0, '2017-03-30 12:07:50', '2017-04-06 13:33:11'),
(177, 1, 1, 22, 3, 4, '2017-03-30 17:45:00', '2017-03-30 18:30:00', '15', 1, '', 0, '2017-03-31', 3, 0, '2017-03-30 12:08:19', '2017-03-31 08:11:09'),
(178, 2, 1, 22, 3, 4, '2017-03-30 18:45:00', '2017-03-30 21:00:00', '15', 1, '', 0, '2017-03-31', 3, 0, '2017-03-30 12:08:39', '2017-04-06 13:33:11'),
(179, 1, 1, 22, 3, 4, '2017-03-30 17:45:00', '2017-03-30 17:45:00', '15', 1, '', 0, '2017-03-30', 3, 1, '2017-03-30 12:10:30', '2017-04-06 13:33:11'),
(180, 2, 1, 22, 3, 4, '2017-03-30 17:45:00', '2017-03-30 17:45:00', '15', 1, '', 0, '2017-03-30', 3, 1, '2017-03-30 12:10:46', '2017-04-06 13:33:12'),
(181, 2, 1, 22, 3, 4, '2017-03-30 17:45:00', '2017-03-30 17:45:00', '15', 1, '', 0, '2017-03-30', 3, 0, '2017-03-30 12:11:08', '2017-04-06 13:33:12'),
(182, 1, 1, 10, 3, 4, '2017-04-01 11:15:00', '2017-04-01 11:15:00', '15', 2, 'testing Notes By New', 1, '2017-04-01', 3, 0, '2017-03-31 05:47:08', '2017-04-06 13:33:12'),
(183, 1, 1, 10, 3, 4, '2017-03-31 11:15:00', '2017-03-31 11:15:00', '', 2, '', 0, '2017-04-01', 3, 0, '2017-03-31 05:47:19', '2017-04-06 13:33:12'),
(503, 1, 1, 10, 3, 4, '2017-04-20 02:30:00', '2017-04-20 03:00:00', '15', 1, '', 0, '2017-04-20', 0, 0, '2017-04-06 09:47:00', '2017-04-06 09:47:00'),
(504, 1, 1, 10, 3, 4, '2017-04-20 01:15:00', '2017-04-20 01:30:00', '', 1, '', 0, '2017-04-20', 0, 0, '2017-04-06 09:47:00', '2017-04-06 09:47:00'),
(505, 1, 1, 11, 3, 4, '2017-04-20 03:45:00', '2017-04-20 04:15:00', '', 1, '', 0, '2017-04-20', 0, 0, '2017-04-06 09:47:00', '2017-04-06 09:47:00'),
(506, 1, 1, 11, 3, 4, '2017-04-20 00:00:00', '2017-04-20 00:00:00', '', 1, '', 0, '2017-04-20', 0, 0, '2017-04-06 09:47:00', '2017-04-06 09:47:00'),
(507, 1, 1, 10, 3, 4, '2017-04-20 17:15:00', '2017-04-20 17:30:00', '15', 1, '', 0, '2017-04-20', 0, 1, '2017-04-06 09:47:00', '2017-04-06 09:47:00'),
(508, 1, 1, 10, 3, 4, '2017-04-20 17:15:00', '2017-04-20 17:30:00', '15', 1, '', 0, '2017-04-20', 0, 1, '2017-04-06 09:47:00', '2017-04-06 09:47:00'),
(509, 0, 1, 0, 3, 4, '2017-04-20 17:45:00', '2017-04-20 18:30:00', '15', 1, '', 0, '2017-04-20', 0, 1, '2017-04-06 09:47:00', '2017-04-06 09:47:00'),
(510, 0, 1, 0, 3, 4, '2017-04-20 17:45:00', '2017-04-20 18:30:00', '15', 1, '', 0, '2017-04-20', 0, 1, '2017-04-06 09:47:00', '2017-04-06 09:47:00'),
(511, 1, 1, 22, 3, 4, '2017-04-20 17:45:00', '2017-04-20 17:45:00', '15', 1, '', 0, '2017-04-20', 0, 1, '2017-04-06 09:47:00', '2017-04-06 09:47:00'),
(512, 2, 1, 22, 3, 4, '2017-04-20 17:45:00', '2017-04-20 17:45:00', '15', 1, '', 0, '2017-04-20', 0, 1, '2017-04-06 09:47:00', '2017-04-06 09:47:00'),
(513, 2, 1, 22, 3, 4, '2017-04-20 17:45:00', '2017-04-20 17:45:00', '15', 1, '', 0, '2017-04-20', 0, 1, '2017-04-06 09:47:00', '2017-04-06 09:47:00'),
(514, 1, 1, 11, 3, 4, '2017-04-21 19:00:00', '2017-04-21 20:00:00', '', 1, '', 0, '2017-04-21', 0, 1, '2017-04-06 09:47:00', '2017-04-06 09:47:00'),
(515, 1, 1, 11, 3, 4, '2017-04-21 19:00:00', '2017-04-21 20:00:00', '', 1, '', 0, '2017-04-21', 0, 1, '2017-04-06 09:47:00', '2017-04-06 09:47:00'),
(516, 2, 1, 22, 3, 4, '2017-04-21 18:45:00', '2017-04-21 21:00:00', '15', 1, '', 0, '2017-04-21', 0, 0, '2017-04-06 09:47:01', '2017-04-06 09:47:01'),
(517, 1, 1, 10, 3, 4, '2017-04-22 11:15:00', '2017-04-22 11:15:00', '15', 2, 'testing Notes By New', 0, '2017-04-22', 0, 1, '2017-04-06 09:47:01', '2017-04-06 09:47:01'),
(518, 1, 1, 10, 3, 4, '2017-04-22 11:15:00', '2017-04-22 11:15:00', '', 2, '', 0, '2017-04-22', 0, 1, '2017-04-06 09:47:01', '2017-04-06 09:47:01'),
(519, 0, 1, 10, 3, 4, '2017-04-06 12:30:00', '2017-04-06 12:30:00', '30', 2, '', 0, '2017-04-06', 0, 1, '2017-04-06 12:52:39', '2017-04-06 12:52:39'),
(520, 0, 1, 10, 3, 4, '2017-04-06 12:30:00', '2017-04-06 12:30:00', '30', 2, '', 0, '2017-04-06', 0, 1, '2017-04-06 12:52:39', '2017-04-06 12:52:39'),
(521, 0, 1, 10, 3, 4, '2017-04-06 12:30:00', '2017-04-06 12:30:00', '30', 2, '', 0, '2017-04-06', 0, 1, '2017-04-06 12:52:39', '2017-04-06 12:52:39'),
(522, 0, 1, 10, 3, 4, '2017-04-06 12:30:00', '2017-04-06 12:30:00', '', 1, '', 0, '2017-04-06', 0, 1, '2017-04-06 12:52:39', '2017-04-06 12:52:39'),
(523, 1, 1, 10, 3, 4, '2017-04-06 12:30:00', '2017-04-06 12:30:00', '', 1, '', 0, '2017-04-06', 0, 1, '2017-04-06 12:52:39', '2017-04-06 12:52:39'),
(524, 1, 1, 11, 3, 4, '2017-04-06 12:30:00', '2017-04-06 12:30:00', '', 1, '', 0, '2017-04-06', 0, 0, '2017-04-06 12:52:39', '2017-04-06 12:52:39'),
(525, 1, 1, 10, 3, 4, '2017-04-07 12:30:00', '2017-04-07 12:30:00', '30', 1, '', 0, '2017-04-07', 0, 1, '2017-04-06 12:52:39', '2017-04-06 12:52:40'),
(526, 1, 1, 11, 3, 4, '2017-04-07 12:30:00', '2017-04-07 12:30:00', '30', 1, '', 0, '2017-04-07', 0, 1, '2017-04-06 12:52:39', '2017-04-06 12:52:40'),
(527, 1, 1, 10, 3, 4, '2017-04-07 12:30:00', '2017-04-07 12:30:00', '45', 2, '', 0, '2017-04-07', 0, 1, '2017-04-06 12:52:40', '2017-04-06 12:52:40'),
(528, 1, 1, 11, 3, 4, '2017-04-07 12:30:00', '2017-04-07 12:30:00', '45', 2, '', 0, '2017-04-07', 0, 1, '2017-04-06 12:52:40', '2017-04-06 12:52:40'),
(529, 3, 1, 12, 3, 4, '2017-04-08 01:15:00', '2017-04-08 12:30:00', '30', 1, '', 0, '2017-04-08', 0, 1, '2017-04-06 12:52:40', '2017-04-06 12:52:40'),
(530, 3, 1, 12, 3, 4, '2017-04-08 06:30:00', '2017-04-08 12:30:00', '15', 1, '', 0, '2017-04-08', 0, 1, '2017-04-06 12:52:40', '2017-04-06 12:52:40'),
(531, 1, 1, 10, 3, 4, '2017-04-08 01:00:00', '2017-04-08 12:30:00', '90', 3, '', 0, '2017-04-08', 0, 1, '2017-04-06 12:52:40', '2017-04-06 12:52:40'),
(532, 1, 1, 11, 3, 4, '2017-04-08 01:00:00', '2017-04-08 12:30:00', '90', 3, '', 0, '2017-04-08', 0, 1, '2017-04-06 12:52:40', '2017-04-06 12:52:40'),
(533, 1, 1, 10, 3, 4, '2017-04-08 01:00:00', '2017-04-08 02:00:00', '30', 2, '', 0, '2017-04-08', 0, 1, '2017-04-06 12:52:40', '2017-04-06 12:52:40'),
(534, 1, 1, 11, 3, 4, '2017-04-08 01:00:00', '2017-04-08 02:00:00', '30', 2, '', 0, '2017-04-08', 0, 1, '2017-04-06 12:52:40', '2017-04-06 12:52:40'),
(535, 3, 1, 12, 3, 4, '2017-04-09 06:30:00', '2017-04-09 12:30:00', '30', 2, '', 0, '2017-04-09', 0, 0, '2017-04-06 12:52:40', '2017-04-06 12:52:40'),
(536, 1, 1, 10, 3, 4, '2017-04-09 12:45:00', '2017-04-09 12:30:00', '15', 1, '', 0, '2017-04-09', 0, 1, '2017-04-06 12:52:40', '2017-04-06 12:52:40'),
(537, 1, 1, 10, 3, 4, '2017-04-09 12:45:00', '2017-04-09 12:30:00', '15', 1, '', 0, '2017-04-09', 0, 1, '2017-04-06 12:52:40', '2017-04-06 12:52:40'),
(538, 1, 1, 10, 3, 4, '2017-04-11 06:30:00', '2017-04-11 06:30:00', '15', 3, '', 0, '2017-04-11', 0, 0, '2017-04-06 12:52:40', '2017-04-06 12:52:40');

-- --------------------------------------------------------

--
-- Table structure for table `shift_notes`
--

CREATE TABLE IF NOT EXISTS `shift_notes` (
`note_id` int(11) NOT NULL,
  `company_id` int(11) NOT NULL,
  `location_id` int(11) NOT NULL,
  `shift_id` int(11) NOT NULL,
  `notes` text NOT NULL,
  `created_by` int(11) NOT NULL,
  `note_date` date NOT NULL,
  `status` int(11) NOT NULL DEFAULT '1' COMMENT '1:active, 2:deactive, 4:deleted',
  `created_at` datetime NOT NULL,
  `updated_at` datetime NOT NULL
) ENGINE=InnoDB AUTO_INCREMENT=31 DEFAULT CHARSET=latin1;

--
-- Dumping data for table `shift_notes`
--

INSERT INTO `shift_notes` (`note_id`, `company_id`, `location_id`, `shift_id`, `notes`, `created_by`, `note_date`, `status`, `created_at`, `updated_at`) VALUES
(11, 4, 10, 0, 'gfgfd dsf fds', 3, '2017-03-28', 1, '2017-03-25 08:06:52', '2017-03-25 08:06:52'),
(12, 4, 11, 0, 'gfgfd dsf fds', 3, '2017-03-28', 1, '2017-03-25 08:06:52', '2017-03-25 08:06:52'),
(24, 4, 1, 0, 'testing for update1143', 3, '2017-03-27', 1, '2017-03-25 09:14:17', '2017-03-25 09:14:17'),
(25, 4, 2, 0, 'testing for update1143', 3, '2017-03-27', 1, '2017-03-25 09:14:17', '2017-03-25 09:14:17'),
(26, 4, 1, 0, 'gfgfd dsf fds fdsf sdfsd', 3, '2017-03-28', 1, '2017-03-25 09:15:07', '2017-03-25 09:15:07'),
(27, 4, 2, 0, 'gfgfd dsf fds fdsf sdfsd', 3, '2017-03-28', 1, '2017-03-25 09:15:07', '2017-03-25 09:15:07'),
(28, 4, 1, 0, 'dsfsd sfds', 3, '2017-03-26', 1, '2017-03-25 09:16:02', '2017-03-25 09:16:02'),
(29, 4, 2, 0, 'dsfsd sfds', 3, '2017-03-26', 1, '2017-03-25 09:16:02', '2017-03-25 09:16:02'),
(30, 4, 1, 0, 'testing for location ', 3, '2017-03-25', 1, '2017-03-25 09:18:54', '2017-03-25 09:18:54');

-- --------------------------------------------------------

--
-- Table structure for table `staff_datereminders`
--

CREATE TABLE IF NOT EXISTS `staff_datereminders` (
`id` int(11) NOT NULL,
  `staff_datereminders_user_id` int(11) NOT NULL,
  `company_id` int(11) NOT NULL,
  `date_name` varchar(155) NOT NULL,
  `set_reminders` int(11) NOT NULL COMMENT '1: Yes;0:No;',
  `days_advance` int(3) NOT NULL,
  `status` tinyint(3) NOT NULL DEFAULT '1' COMMENT '0:Inactive;1:Active;4:Deleted;',
  `created_at` datetime NOT NULL,
  `updated_at` datetime NOT NULL
) ENGINE=InnoDB AUTO_INCREMENT=17 DEFAULT CHARSET=latin1;

--
-- Dumping data for table `staff_datereminders`
--

INSERT INTO `staff_datereminders` (`id`, `staff_datereminders_user_id`, `company_id`, `date_name`, `set_reminders`, `days_advance`, `status`, `created_at`, `updated_at`) VALUES
(1, 3, 4, 'testinf', 1, 4, 4, '2017-03-01 12:26:23', '2017-03-01 13:52:25'),
(2, 3, 4, 'testing', 0, 53, 1, '2017-03-01 12:26:55', '2017-03-01 13:31:02'),
(3, 3, 4, 'testing', 0, 0, 1, '2017-03-01 12:29:53', '2017-03-02 07:30:38'),
(4, 3, 4, 'sdfsfsa', 1, 2, 1, '2017-03-01 12:32:36', '2017-03-01 12:32:36'),
(5, 3, 4, 'testing', 0, 0, 1, '2017-03-01 13:00:36', '2017-03-01 13:00:36'),
(6, 3, 4, 'testing', 0, 0, 1, '2017-03-01 13:00:46', '2017-03-01 13:00:46'),
(7, 3, 4, 'testing', 1, 3, 4, '2017-03-01 13:01:11', '2017-03-01 13:53:23'),
(8, 3, 4, 'testing testing', 0, 0, 1, '2017-03-01 13:01:53', '2017-03-01 13:01:53'),
(9, 3, 4, 'testing testing', 0, 0, 4, '2017-03-01 13:02:17', '2017-03-01 13:53:21'),
(10, 3, 4, 'testing testing', 0, 0, 4, '2017-03-01 13:02:45', '2017-03-01 13:53:20'),
(11, 3, 4, 'hey johny', 0, 0, 4, '2017-03-01 13:03:31', '2017-03-01 13:53:13'),
(12, 3, 4, 'hey johny 2', 1, 3, 4, '2017-03-01 13:03:46', '2017-03-01 13:53:18'),
(13, 3, 4, 'hey johny 4', 1, 3, 4, '2017-03-01 13:03:55', '2017-03-01 13:52:29'),
(14, 3, 4, 'dfdsfds', 0, 0, 4, '2017-03-01 13:07:32', '2017-03-01 13:50:13'),
(15, 3, 4, 'test name', 1, 4, 1, '2017-03-01 13:36:26', '2017-03-06 13:25:59'),
(16, 3, 4, 'fdgfgf', 0, 0, 1, '2017-03-01 13:46:04', '2017-03-02 06:16:09');

-- --------------------------------------------------------

--
-- Table structure for table `users`
--

CREATE TABLE IF NOT EXISTS `users` (
`id` int(11) NOT NULL,
  `type` tinyint(3) DEFAULT '1' COMMENT '1: Administrator; 2 : Manager;3:Employee;',
  `company_id` int(11) NOT NULL,
  `firstname` varchar(255) DEFAULT NULL,
  `lastname` varchar(255) DEFAULT NULL,
  `email` varchar(255) DEFAULT NULL,
  `business_contact_no` varchar(15) DEFAULT NULL,
  `password` varchar(155) NOT NULL,
  `profile_pic` varchar(255) DEFAULT NULL,
  `gender` tinyint(4) NOT NULL COMMENT '1: Male;2:Female;',
  `previlege_id` int(11) DEFAULT NULL,
  `employee_id` varchar(255) DEFAULT NULL,
  `dob` date DEFAULT NULL,
  `emergency_contact` varchar(255) DEFAULT NULL,
  `emergency_number` varchar(255) DEFAULT NULL,
  `position_ids` varchar(155) NOT NULL,
  `location_ids` varchar(155) NOT NULL,
  `start_date_with_company` date NOT NULL,
  `notes` text NOT NULL,
  `time_format` tinyint(2) NOT NULL COMMENT 'Time Format 12/24 Hour',
  `password_link` varchar(155) NOT NULL,
  `tmp_link` varchar(255) NOT NULL,
  `status` tinyint(2) NOT NULL COMMENT '0: Inactive;1:Active;2:not verified; 4:deleted',
  `created_by` int(11) NOT NULL,
  `created_at` datetime DEFAULT NULL,
  `updated_at` datetime DEFAULT NULL
) ENGINE=InnoDB AUTO_INCREMENT=23 DEFAULT CHARSET=latin1;

--
-- Dumping data for table `users`
--

INSERT INTO `users` (`id`, `type`, `company_id`, `firstname`, `lastname`, `email`, `business_contact_no`, `password`, `profile_pic`, `gender`, `previlege_id`, `employee_id`, `dob`, `emergency_contact`, `emergency_number`, `position_ids`, `location_ids`, `start_date_with_company`, `notes`, `time_format`, `password_link`, `tmp_link`, `status`, `created_by`, `created_at`, `updated_at`) VALUES
(1, 1, 0, 'afsana', 'lastname', 'afsana12@nextolive.com', NULL, 'fcea920f7412b5da7be0cf42b8c93759', NULL, 0, NULL, NULL, NULL, NULL, NULL, '', '', '0000-00-00', '', 0, '', '', 1, 0, '2017-02-23 07:53:35', '2017-02-24 07:53:20'),
(2, 1, 0, 'nabindu', 'kumar', 'nabindu@nextolive.com', '9044842772', 'e10adc3949ba59abbe56e057f20f883e', NULL, 0, NULL, NULL, NULL, NULL, NULL, '', '', '0000-00-00', '', 0, '', '', 1, 0, '2017-02-25 05:59:59', '2017-02-25 06:00:21'),
(3, 1, 4, 'afsanaa', 'lastname', 'afsana@nextolive.com', '4342432', 'e10adc3949ba59abbe56e057f20f883e', NULL, 0, NULL, NULL, NULL, NULL, NULL, '', '', '0000-00-00', '', 0, '', '', 1, 0, '2017-02-25 07:45:51', '2017-02-25 07:46:39'),
(4, 1, 0, 'sdsdsd', 'dsss', 'admin@nextolive.com', '434342', '', NULL, 2, NULL, 'fdsdfdsf', '0000-00-00', '3553', '3423434', '', '', '0000-00-00', '', 0, 'http://localhost/rota/public/ResetPassword/746573744e5468694d544d3359575a6a59324e6a5954677a4e7a55354e5467774f513d3d', '', 2, 3, '2017-02-25 07:52:15', '2017-02-25 07:52:15'),
(5, 1, 4, 'test', 'dsss', 'te@nextolive.com', '434342', '', '1488807834_3-phases-of-data-analysis-b.jpg', 2, NULL, 'fdsdfdsf', '0000-00-00', '35535646', '3423434', '1,2', '4,5,7,8', '0000-00-00', 'fdsdfdsfds', 0, 'http://localhost/rota/public/ResetPassword/746573744e5468694d544d344d6d59354e474d34597a63324e6a49354d4441314e513d3d', '', 1, 3, '2017-02-25 07:54:23', '2017-03-09 06:36:07'),
(6, 1, 4, 'testf', 'test1', 'admfdinfdf@nextolive.com', '434342', '', '1488204079_images_(6).jpg', 2, NULL, 'fdsdfdsf', '2017-03-01', '35535646', '3423434', '1', '1', '0000-00-00', '', 0, 'http://localhost/rota/public/ResetPassword/746573744e5468694d544d345a6a4d304e7a67794e7a59344d7a49344d7a55774e673d3d', '', 1, 3, '2017-02-25 07:57:39', '2017-03-06 09:46:52'),
(7, 1, 4, 'test afsa', 'dsss', 'admfdinfdaf@nextolive.com', '434342', '', '', 2, NULL, 'fdsdfdsf', '2017-03-01', '35535646', '3423434', '', '', '0000-00-00', '', 0, 'http://localhost/rota/public/ResetPassword/746573744e5468694d544d354e6a49304d7a4e6d4e6a517a4f5449344e5467334e673d3d', '', 1, 3, '2017-02-25 07:59:30', '2017-03-04 07:03:14'),
(8, 1, 4, 'afsanafds', 'testingg', 'afsandda@nextolive.com', '545354', '', '1488201827_download_(1).jpg', 2, NULL, '45345345', '2017-02-28', '35535646', '64645654654654654', '', '', '0000-00-00', '', 0, 'http://localhost/rota/public/ResetPassword/746573744e5468694d544e6a4d5464695a474e6959546b7a4e6a67774e444d314f413d3d', '', 1, 3, '2017-02-25 08:11:03', '2017-02-27 13:39:37'),
(9, 1, 0, 'dsfds', 'dsfds', 'afsanafdfds@nextolive.com', '453453', '', '1488010865_page-2_img03.jpg', 2, NULL, '4543534', '2017-02-28', '543545', '453543543', '', '', '0000-00-00', '', 0, 'http://localhost/rota/public/ResetPassword/746573744e5468694d544e6c4e7a45344d7a646a4d6a51354d7a677a4d5459774e673d3d', '', 1, 1, '2017-02-25 08:21:05', '2017-02-25 08:21:05'),
(10, 2, 4, 'test', 'dsadsa', 'sadsdsa@gmail.com', '43432434', '', '1488189878_3-phases-of-data-analysis-b.jpg', 2, NULL, '4324324', '2017-02-09', '4324343', '3242343', '1,2,3', '1', '0000-00-00', '', 0, 'http://localhost/rota/public/ResetPassword/746573744e5468694d325935596a5a695a5746684d7a67324d7a63304d6a67794d513d3d', '', 1, 3, '2017-02-27 10:04:38', '2017-04-01 07:52:42'),
(11, 2, 4, 'amaala', 'dsadsa', 'sadsddsa@gmail.com', '43432434', '', '1488190455_3-phases-of-data-analysis-b.jpg', 2, NULL, '4324324', '2017-02-09', '4324343', '3242343', '1,2,3', '1', '0000-00-00', '', 0, 'http://localhost/rota/public/ResetPassword/746573744e5468694d325a695a6a63324e6a41354f5467304e4467314d7a6b304d513d3d', '', 1, 3, '2017-02-27 10:14:15', '2017-03-31 11:03:27'),
(12, 2, 4, 'afsna', 'saleem', 'dfds@gmail.com', '432352352', '', '1488190873_3-phases-of-data-analysis-b.jpg', 2, NULL, 'dsfdsf', '2017-02-20', 'dsfdsf', '46436', '', '', '0000-00-00', '', 0, 'http://localhost/rota/public/ResetPassword/746573744e5468694d325a6b4f546b35595467794d6a6b794f5467304e7a63314f413d3d', '', 1, 3, '2017-02-27 10:21:13', '2017-02-27 13:19:50'),
(13, 2, 0, 'testing', '565464', 'admiyhgfhgfn@nextolive.com', '566546', '', '1488610265_3-phases-of-data-analysis-b.jpg', 2, NULL, '45646', '2017-03-15', '35535646', '546564', '', '', '0000-00-00', '', 0, 'http://localhost/rota/public/ResetPassword/746573744e5468695954597a5a446b784d6d517a4d7a59334e6a4d304e5459304d773d3d', '', 1, 3, '2017-03-04 06:51:05', '2017-03-04 06:51:05'),
(14, 3, 0, 'gfdgfd', 'gfdgfd', 'fdgdf@gmail.com', '54543545', '', '1488786537_3-phases-of-data-analysis-b.jpg', 2, NULL, '45345', '2017-02-28', '545', '5435', '', '', '0000-00-00', '', 0, 'http://localhost/rota/public/ResetPassword/746573744e5468695a4445304e6a6c6a596a5133596a63304f5459784d7a67784e773d3d', '', 1, 3, '2017-03-06 07:48:57', '2017-03-06 07:48:57'),
(15, 3, 0, 'gfdgfd', 'gfdgfddfd', 'fdfdgdf@gmail.com', '54543545', '', '1488786812_3-phases-of-data-analysis-b.jpg', 2, NULL, '45345fdsf', '2017-02-28', '545', '5435', '', '', '0000-00-00', '', 0, 'http://localhost/rota/public/ResetPassword/746573744e5468695a4445314e324d785a446c6c596a59314f4467324d6a51784e513d3d', '', 1, 3, '2017-03-06 07:53:32', '2017-03-06 07:53:32'),
(16, 3, 0, 'gfdgfd', 'gfdgfddfd', 'fdfdgdsf@gmail.com', '54543545', '', '1488786902_3-phases-of-data-analysis-b.jpg', 2, NULL, '45345fdsf', '2017-02-28', '545', '5435', '', '', '0000-00-00', '', 0, 'http://localhost/rota/public/ResetPassword/746573744e5468695a4445315a445a6b4d7a686b4d6a67324e5467304f4441314d773d3d', '', 1, 3, '2017-03-06 07:55:02', '2017-03-06 07:55:02'),
(17, 3, 0, 'gfdgfd', 'gfdgfddfd', 'fdfdgddsf@gmail.com', '54543545', '', '1488787000_3-phases-of-data-analysis-b.jpg', 2, NULL, '45345fdsf', '2017-02-28', '545', '5435', '', '', '0000-00-00', '', 0, 'http://localhost/rota/public/ResetPassword/746573744e5468695a4445324d7a67324e6a686d5a446b314f44597a4d444d324d513d3d', '', 1, 3, '2017-03-06 07:56:40', '2017-03-06 07:56:40'),
(19, 3, 4, 'testing this', 'gfdgfd', 'komfal@nextolive.com', '534', '', '1488801825_3-phases-of-data-analysis-b.jpg', 2, NULL, '34535435', '2017-04-04', '54535', '5435435', '', '', '0000-00-00', '', 0, 'http://localhost/rota/public/ResetPassword/746573744e5468695a4455774d6a45344e54686c4d6a4d794e5441314d7a67304d413d3d', '', 2, 3, '2017-03-06 12:03:45', '2017-03-06 12:03:45'),
(20, 3, 4, 'fdsfds', 'dsfds', 'fdfs@gmail.com', '654654654', '', '1488802243_3-phases-of-data-analysis-b.jpg', 2, NULL, '654654', '2017-03-28', '65465', '65654', '', '', '0000-00-00', '', 0, 'http://localhost/rota/public/ResetPassword/746573744e5468695a445578597a4d355a475979597a59784e6a51354e6a55314e673d3d', '', 2, 3, '2017-03-06 12:10:43', '2017-03-06 12:10:43'),
(21, 2, 4, 'fsdf', 'dsgds', 'komal@nextolive.com', '456435435', 'e10adc3949ba59abbe56e057f20f883e', '1488802349_3-phases-of-data-analysis-b.jpg', 2, NULL, '565465', '2017-03-28', '6565', '654654', '1,2', '1,2', '0000-00-00', '', 0, '', '', 1, 3, '2017-03-06 12:12:29', '2017-03-06 12:16:28'),
(22, 3, 4, 'Employee', 'Lastmame', 'Employee@nextolive.com', '534353532', 'e10adc3949ba59abbe56e057f20f883e', '1488808985_3-phases-of-data-analysis-b.jpg', 2, NULL, '5435454', '2017-03-28', '45354354', '54354354', '1,2,3', '1,2', '0000-00-00', '', 0, 'http://localhost/rota/public/ResetPassword/746573744e5468695a445a6a4d546b7959546c6b4e6a4d324d6a51344f5455354d673d3d', '', 1, 21, '2017-03-06 14:03:05', '2017-03-24 12:25:59');

-- --------------------------------------------------------

--
-- Table structure for table `wages`
--

CREATE TABLE IF NOT EXISTS `wages` (
`wage_id` int(11) NOT NULL,
  `wage_user_id` int(11) NOT NULL,
  `standard_rate` varchar(255) DEFAULT NULL,
  `saturday_rate` varchar(255) DEFAULT NULL,
  `sunday_rate` varchar(255) DEFAULT NULL,
  `holiday_rate` varchar(255) DEFAULT NULL,
  `overtime_rate` varchar(55) NOT NULL,
  `yearly_rate` varchar(255) DEFAULT NULL,
  `status` tinyint(4) NOT NULL COMMENT '0: Inactive;1:Active;4:deleted',
  `created_at` datetime DEFAULT NULL,
  `updated_at` datetime DEFAULT NULL
) ENGINE=InnoDB AUTO_INCREMENT=13 DEFAULT CHARSET=latin1;

--
-- Dumping data for table `wages`
--

INSERT INTO `wages` (`wage_id`, `wage_user_id`, `standard_rate`, `saturday_rate`, `sunday_rate`, `holiday_rate`, `overtime_rate`, `yearly_rate`, `status`, `created_at`, `updated_at`) VALUES
(1, 15, '10', '', '', '', '', '', 0, '2017-03-06 07:53:32', '2017-03-06 07:53:32'),
(2, 16, '10', '', '', '', '', '', 0, '2017-03-06 07:55:02', '2017-03-06 07:55:02'),
(3, 6, '33', '44', '55', '66', '', '244', 0, '2017-03-06 07:56:40', '2017-03-06 09:46:52'),
(4, 19, '54', '', '', '', '', '', 0, '2017-03-06 12:03:45', '2017-03-06 12:03:45'),
(5, 20, '65', '', '', '', '', '', 0, '2017-03-06 12:10:43', '2017-03-06 12:10:43'),
(6, 21, '65', '45', '', '', '', '', 0, '2017-03-06 12:12:29', '2017-03-06 12:15:54'),
(7, 0, '35', '', '', '', '', '', 0, '2017-03-06 13:43:54', '2017-03-06 13:43:54'),
(8, 22, '43', '', '', '', '', '', 0, '2017-03-06 14:03:05', '2017-03-24 12:25:59'),
(9, 0, '50', '40', '30', '20', '', '60', 0, '2017-03-09 06:15:46', '2017-03-09 06:15:46'),
(10, 5, '10', '20', '30', '40', '50', '70', 0, '2017-03-09 06:18:45', '2017-03-09 06:36:07'),
(11, 11, '10', '15', '17', '20', '22', '', 0, '2017-03-17 10:42:02', '2017-03-31 11:03:27'),
(12, 10, '10', '12', '14', '16', '18', '', 0, '2017-03-20 13:23:35', '2017-04-01 07:52:42');

--
-- Indexes for dumped tables
--

--
-- Indexes for table `admins`
--
ALTER TABLE `admins`
 ADD PRIMARY KEY (`id`);

--
-- Indexes for table `companydetails`
--
ALTER TABLE `companydetails`
 ADD PRIMARY KEY (`id`);

--
-- Indexes for table `countries`
--
ALTER TABLE `countries`
 ADD PRIMARY KEY (`country_id`);

--
-- Indexes for table `holiday_lists`
--
ALTER TABLE `holiday_lists`
 ADD PRIMARY KEY (`id`);

--
-- Indexes for table `locations`
--
ALTER TABLE `locations`
 ADD PRIMARY KEY (`location_id`);

--
-- Indexes for table `notes`
--
ALTER TABLE `notes`
 ADD PRIMARY KEY (`note_id`);

--
-- Indexes for table `positions`
--
ALTER TABLE `positions`
 ADD PRIMARY KEY (`id`);

--
-- Indexes for table `privileges`
--
ALTER TABLE `privileges`
 ADD PRIMARY KEY (`id`);

--
-- Indexes for table `sales_per_day`
--
ALTER TABLE `sales_per_day`
 ADD PRIMARY KEY (`sales_id`);

--
-- Indexes for table `shifts`
--
ALTER TABLE `shifts`
 ADD PRIMARY KEY (`id`);

--
-- Indexes for table `shift_notes`
--
ALTER TABLE `shift_notes`
 ADD PRIMARY KEY (`note_id`);

--
-- Indexes for table `staff_datereminders`
--
ALTER TABLE `staff_datereminders`
 ADD PRIMARY KEY (`id`);

--
-- Indexes for table `users`
--
ALTER TABLE `users`
 ADD PRIMARY KEY (`id`);

--
-- Indexes for table `wages`
--
ALTER TABLE `wages`
 ADD PRIMARY KEY (`wage_id`);

--
-- AUTO_INCREMENT for dumped tables
--

--
-- AUTO_INCREMENT for table `admins`
--
ALTER TABLE `admins`
MODIFY `id` int(11) NOT NULL AUTO_INCREMENT,AUTO_INCREMENT=2;
--
-- AUTO_INCREMENT for table `companydetails`
--
ALTER TABLE `companydetails`
MODIFY `id` int(11) NOT NULL AUTO_INCREMENT,AUTO_INCREMENT=5;
--
-- AUTO_INCREMENT for table `countries`
--
ALTER TABLE `countries`
MODIFY `country_id` int(11) NOT NULL AUTO_INCREMENT,AUTO_INCREMENT=247;
--
-- AUTO_INCREMENT for table `holiday_lists`
--
ALTER TABLE `holiday_lists`
MODIFY `id` int(11) NOT NULL AUTO_INCREMENT,AUTO_INCREMENT=12;
--
-- AUTO_INCREMENT for table `locations`
--
ALTER TABLE `locations`
MODIFY `location_id` int(11) NOT NULL AUTO_INCREMENT,AUTO_INCREMENT=12;
--
-- AUTO_INCREMENT for table `notes`
--
ALTER TABLE `notes`
MODIFY `note_id` int(11) NOT NULL AUTO_INCREMENT,AUTO_INCREMENT=31;
--
-- AUTO_INCREMENT for table `positions`
--
ALTER TABLE `positions`
MODIFY `id` int(11) NOT NULL AUTO_INCREMENT,AUTO_INCREMENT=9;
--
-- AUTO_INCREMENT for table `privileges`
--
ALTER TABLE `privileges`
MODIFY `id` int(11) NOT NULL AUTO_INCREMENT,AUTO_INCREMENT=4;
--
-- AUTO_INCREMENT for table `sales_per_day`
--
ALTER TABLE `sales_per_day`
MODIFY `sales_id` int(11) NOT NULL AUTO_INCREMENT,AUTO_INCREMENT=17;
--
-- AUTO_INCREMENT for table `shifts`
--
ALTER TABLE `shifts`
MODIFY `id` int(11) NOT NULL AUTO_INCREMENT,AUTO_INCREMENT=539;
--
-- AUTO_INCREMENT for table `shift_notes`
--
ALTER TABLE `shift_notes`
MODIFY `note_id` int(11) NOT NULL AUTO_INCREMENT,AUTO_INCREMENT=31;
--
-- AUTO_INCREMENT for table `staff_datereminders`
--
ALTER TABLE `staff_datereminders`
MODIFY `id` int(11) NOT NULL AUTO_INCREMENT,AUTO_INCREMENT=17;
--
-- AUTO_INCREMENT for table `users`
--
ALTER TABLE `users`
MODIFY `id` int(11) NOT NULL AUTO_INCREMENT,AUTO_INCREMENT=23;
--
-- AUTO_INCREMENT for table `wages`
--
ALTER TABLE `wages`
MODIFY `wage_id` int(11) NOT NULL AUTO_INCREMENT,AUTO_INCREMENT=13;
/*!40101 SET CHARACTER_SET_CLIENT=@OLD_CHARACTER_SET_CLIENT */;
/*!40101 SET CHARACTER_SET_RESULTS=@OLD_CHARACTER_SET_RESULTS */;
/*!40101 SET COLLATION_CONNECTION=@OLD_COLLATION_CONNECTION */;
